seed,env_mode,env_init,mechanism,sym_var_init,sym_var_final,sym_var_second_half_mean,collective_var_init,collective_var_final,collective_var_second_half_mean,pairwise_dist_init,pairwise_dist_final,pairwise_dist_second_half_mean,real_var_final,imag_var_final,final_R_A,final_S_A,final_I_A,final_R_B,final_S_B,final_I_B,final_R_C,final_S_C,final_I_C,converged,attractor
0,shared,5_2_6,off,0.000000,0.222222,0.346667,0.000000,0.370370,0.328889,0.000000,1.745356,1.545668,0.888889,0.000000,8,3,8,6,2,8,6,3,8,0,no_conv
0,shared,5_2_6,hard,0.666667,0.000000,0.000000,0.222222,0.296296,0.130370,1.333333,1.550094,0.772023,0.666667,0.222222,8,0,7,7,0,7,6,0,6,1,S=0
0,shared,5_2_6,soft,0.000000,0.000000,0.008889,0.000000,0.074074,0.154074,0.000000,0.666667,0.924651,0.222222,0.000000,8,0,8,7,0,8,7,0,8,1,S=0
0,shared,5_2_6,delayed,0.666667,0.000000,0.000000,0.222222,0.222222,0.148148,1.333333,1.333333,0.879549,0.666667,0.000000,7,0,8,5,0,8,6,0,8,1,S=0
0,shared,5_2_6,noisy,0.222222,0.000000,0.026667,0.074074,0.148148,0.228148,0.666667,0.942809,1.280895,0.222222,0.222222,8,0,8,8,0,8,7,0,7,1,S=0
0,shared,8_8_8,off,0.000000,0.222222,0.231111,0.000000,0.074074,0.245926,0.000000,0.666667,1.273733,0.000000,0.000000,6,5,8,6,4,8,6,5,8,0,no_conv
0,shared,8_8_8,hard,0.222222,0.000000,0.000000,0.074074,0.000000,0.154074,0.666667,0.000000,0.943928,0.000000,0.000000,8,8,7,8,8,7,8,8,7,1,S=8
0,shared,8_8_8,soft,0.000000,0.000000,0.000000,0.000000,0.148148,0.168889,0.000000,0.942809,0.960409,0.222222,0.222222,7,8,6,7,8,6,8,8,7,1,S=8
0,shared,8_8_8,delayed,0.666667,0.000000,0.000000,0.222222,0.074074,0.162963,1.333333,0.666667,0.974485,0.000000,0.222222,8,8,8,8,8,8,8,8,7,1,S=8
0,shared,8_8_8,noisy,0.222222,0.000000,0.008889,0.074074,0.148148,0.240000,0.666667,0.942809,1.275035,0.222222,0.222222,6,8,6,5,8,7,6,8,6,1,S=8
0,isolated,5_2_6,off,0.000000,4.666667,4.275556,0.000000,4.000000,3.792593,0.000000,5.891869,5.748211,4.666667,2.666667,8,1,6,3,6,8,7,5,4,0,no_conv
0,isolated,5_2_6,hard,0.888889,0.222222,0.222222,0.296296,2.518519,2.518519,1.333333,4.485952,4.485952,4.666667,2.666667,8,4,6,3,5,8,7,4,4,0,no_conv
0,isolated,5_2_6,soft,0.000000,0.222222,0.293333,0.000000,3.703704,3.306667,0.000000,5.626814,5.251405,4.666667,6.222222,8,0,6,3,1,8,7,0,2,0,no_conv
0,isolated,5_2_6,delayed,0.888889,0.222222,0.222222,0.296296,2.518519,2.518519,1.333333,4.485952,4.512307,4.666667,2.666667,8,3,6,3,4,8,7,3,4,0,no_conv
0,isolated,5_2_6,noisy,0.222222,0.222222,0.088889,0.074074,1.851852,2.281481,0.666667,3.730981,4.224372,4.666667,0.666667,8,0,7,3,1,8,7,0,6,0,no_conv
0,isolated,8_8_8,off,0.000000,4.666667,4.844444,0.000000,4.000000,3.985185,0.000000,5.891869,5.883137,4.666667,2.666667,8,1,6,3,6,8,7,5,4,0,no_conv
0,isolated,8_8_8,hard,0.222222,0.000000,0.000000,0.074074,2.444444,2.103704,0.666667,4.426029,3.972558,4.666667,2.666667,8,8,6,3,8,8,7,8,4,1,S=8
0,isolated,8_8_8,soft,0.000000,0.000000,0.000000,0.000000,2.444444,2.444444,0.000000,4.426029,4.426029,4.666667,2.666667,8,8,6,3,8,8,7,8,4,1,S=8
0,isolated,8_8_8,delayed,0.222222,0.000000,0.000000,0.074074,2.444444,2.444444,0.666667,4.426029,4.426029,4.666667,2.666667,8,8,6,3,8,8,7,8,4,1,S=8
0,isolated,8_8_8,noisy,0.222222,0.000000,0.053333,0.074074,2.074074,2.400000,0.666667,3.933126,4.349136,4.666667,1.555556,8,8,6,3,8,8,7,8,5,1,S=8
1,shared,5_2_6,off,0.000000,0.222222,0.346667,0.074074,0.444444,0.349630,0.666667,1.954568,1.597025,0.888889,0.222222,7,3,6,5,2,7,5,3,6,0,no_conv
1,shared,5_2_6,hard,0.666667,0.000000,0.000000,0.296296,0.000000,0.118519,1.550094,0.000000,0.677742,0.000000,0.000000,5,0,8,5,0,8,5,0,8,1,S=0
1,shared,5_2_6,soft,0.222222,0.000000,0.000000,0.148148,0.074074,0.154074,0.942809,0.666667,0.786128,0.222222,0.000000,6,0,8,5,0,8,5,0,8,1,S=0
1,shared,5_2_6,delayed,0.666667,0.000000,0.000000,0.296296,0.148148,0.162963,1.550094,1.138071,0.922012,0.222222,0.222222,4,0,7,4,0,8,5,0,8,1,S=0
1,shared,5_2_6,noisy,0.666667,0.000000,0.026667,0.296296,0.222222,0.251852,1.550094,1.333333,1.341996,0.000000,0.666667,7,8,6,7,8,7,7,8,8,1,S=8
1,shared,8_8_8,off,0.000000,0.222222,0.240000,0.000000,0.148148,0.248889,0.000000,1.138071,1.310498,0.000000,0.222222,8,3,7,8,3,8,8,2,7,0,no_conv
1,shared,8_8_8,hard,0.222222,0.000000,0.000000,0.074074,0.370370,0.142222,0.666667,1.490712,0.841837,0.888889,0.222222,8,8,7,6,8,8,6,8,8,1,S=8
1,shared,8_8_8,soft,0.222222,0.000000,0.000000,0.074074,0.148148,0.192593,0.666667,1.138071,1.070750,0.222222,0.222222,5,8,7,5,8,8,6,8,7,1,S=8
1,shared,8_8_8,delayed,0.666667,0.000000,0.000000,0.222222,0.074074,0.157037,1.333333,0.666667,0.921837,0.000000,0.222222,5,8,6,5,8,7,5,8,6,1,S=8
1,shared,8_8_8,noisy,0.222222,0.000000,0.017778,0.074074,0.148148,0.195556,0.666667,1.138071,1.149460,0.222222,0.222222,8,8,7,8,8,8,7,8,7,1,S=8
1,isolated,5_2_6,off,0.000000,5.555556,4.160000,0.148148,3.925926,3.386667,1.138071,5.848207,5.379743,4.666667,1.555556,8,1,6,3,6,8,7,6,5,0,no_conv
1,isolated,5_2_6,hard,0.888889,0.000000,0.000000,0.444444,2.444444,2.296296,1.895186,4.426029,4.228868,4.666667,2.666667,8,0,6,3,0,8,7,0,4,1,S=0
1,isolated,5_2_6,soft,0.222222,0.666667,0.382222,0.222222,3.185185,2.690370,1.382088,5.167351,4.676579,4.666667,4.222222,8,2,6,3,3,8,7,1,3,0,no_conv
1,isolated,5_2_6,delayed,0.888889,0.222222,0.222222,0.444444,2.518519,2.518519,1.895186,4.526406,4.513925,4.666667,2.666667,8,0,6,3,0,8,7,1,4,0,no_conv
1,isolated,5_2_6,noisy,0.888889,0.222222,0.053333,0.444444,3.333333,2.945185,1.895186,5.229624,4.943597,5.555556,4.222222,8,0,6,3,0,8,8,1,3,0,no_conv
1,isolated,8_8_8,off,0.000000,4.666667,5.057778,0.000000,4.000000,4.026667,0.000000,5.891869,5.922681,4.666667,2.666667,8,1,6,3,6,8,7,5,4,0,no_conv
1,isolated,8_8_8,hard,0.222222,0.000000,0.000000,0.074074,2.444444,2.088889,0.666667,4.426029,3.952842,4.666667,2.666667,8,8,6,3,8,8,7,8,4,1,S=8
1,isolated,8_8_8,soft,0.222222,0.000000,0.000000,0.074074,2.444444,2.085926,0.666667,4.426029,3.947436,4.666667,2.666667,8,8,6,3,8,8,7,8,4,1,S=8
1,isolated,8_8_8,delayed,0.222222,0.000000,0.000000,0.074074,2.444444,2.444444,0.666667,4.426029,4.426029,4.666667,2.666667,8,8,6,3,8,8,7,8,4,1,S=8
1,isolated,8_8_8,noisy,0.222222,0.000000,0.008889,0.074074,2.444444,2.148148,0.666667,4.426029,3.992975,4.666667,2.666667,8,8,6,3,8,8,7,8,4,1,S=8
2,shared,5_2_6,off,0.000000,0.222222,0.311111,0.000000,0.148148,0.349630,0.000000,0.942809,1.506253,0.222222,0.000000,7,6,8,6,7,8,6,7,8,0,no_conv
2,shared,5_2_6,hard,0.666667,0.000000,0.000000,0.222222,0.074074,0.157037,1.333333,0.666667,0.873254,0.222222,0.000000,6,0,8,5,0,8,6,0,8,1,S=0
2,shared,5_2_6,soft,0.222222,0.000000,0.000000,0.074074,0.222222,0.154074,0.666667,1.333333,0.817545,0.000000,0.666667,6,0,6,6,0,7,6,0,8,1,S=0
2,shared,5_2_6,delayed,0.666667,0.000000,0.000000,0.222222,0.148148,0.168889,1.333333,0.942809,0.960409,0.222222,0.222222,6,0,8,6,0,8,7,0,7,1,S=0
2,shared,5_2_6,noisy,0.222222,0.000000,0.008889,0.074074,0.370370,0.242963,0.666667,1.490712,1.300999,0.888889,0.222222,8,0,7,6,0,8,6,0,8,1,S=0
2,shared,8_8_8,off,0.000000,0.666667,0.328889,0.000000,0.666667,0.325926,0.000000,2.393847,1.547432,0.666667,0.666667,8,2,6,6,3,7,7,4,8,0,no_conv
2,shared,8_8_8,hard,0.222222,0.000000,0.000000,0.074074,0.074074,0.130370,0.666667,0.666667,0.738405,0.000000,0.222222,6,8,8,6,8,8,6,8,7,1,S=8
2,shared,8_8_8,soft,0.222222,0.000000,0.000000,0.074074,0.000000,0.133333,0.666667,0.000000,0.739745,0.000000,0.000000,6,8,7,6,8,7,6,8,7,1,S=8
2,shared,8_8_8,delayed,0.666667,0.000000,0.000000,0.222222,0.000000,0.136296,1.333333,0.000000,0.852198,0.000000,0.000000,8,0,8,8,0,8,8,0,8,1,S=0
2,shared,8_8_8,noisy,0.222222,0.000000,0.026667,0.074074,0.074074,0.219259,0.666667,0.666667,1.185129,0.000000,0.222222,8,8,8,8,8,8,8,8,7,1,S=8
2,isolated,5_2_6,off,0.000000,4.666667,4.275556,0.296296,4.000000,3.792593,1.333333,5.891869,5.748211,4.666667,2.666667,8,1,6,3,6,8,7,5,4,0,no_conv
2,isolated,5_2_6,hard,0.888889,0.000000,0.000000,0.592593,2.444444,2.296296,1.885618,4.426029,4.228868,4.666667,2.666667,8,0,6,3,0,8,7,0,4,1,S=0
2,isolated,5_2_6,soft,0.222222,0.000000,0.000000,0.370370,2.444444,2.485926,1.745356,4.426029,4.470628,4.666667,2.666667,8,0,6,3,0,8,7,0,4,1,S=0
2,isolated,5_2_6,delayed,0.888889,0.222222,0.222222,0.592593,2.518519,2.518519,1.885618,4.526406,4.513925,4.666667,2.666667,8,0,6,3,0,8,7,1,4,0,no_conv
2,isolated,5_2_6,noisy,0.000000,0.000000,0.008889,0.296296,2.962963,2.717037,1.333333,4.983522,4.734499,4.666667,4.222222,8,0,6,3,0,8,7,0,3,1,S=0
2,isolated,8_8_8,off,0.000000,4.666667,5.573333,0.000000,4.000000,4.198519,0.000000,5.891869,6.052182,4.666667,2.666667,8,1,6,3,6,8,7,5,4,0,no_conv
2,isolated,8_8_8,hard,0.222222,0.000000,0.000000,0.074074,2.444444,2.133333,0.666667,4.426029,4.011991,4.666667,2.666667,8,8,6,3,8,8,7,8,4,1,S=8
2,isolated,8_8_8,soft,0.222222,0.000000,0.000000,0.074074,2.444444,2.085926,0.666667,4.426029,3.947436,4.666667,2.666667,8,8,6,3,8,8,7,8,4,1,S=8
2,isolated,8_8_8,delayed,0.222222,0.000000,0.000000,0.074074,2.444444,2.444444,0.666667,4.426029,4.426029,4.666667,2.666667,8,8,6,3,8,8,7,8,4,1,S=8
2,isolated,8_8_8,noisy,0.222222,0.000000,0.053333,0.074074,1.851852,2.500741,0.666667,3.902735,4.500930,2.888889,2.666667,8,8,6,4,8,8,7,8,4,1,S=8
3,shared,5_2_6,off,0.000000,0.222222,0.266667,0.074074,0.148148,0.278519,0.666667,1.138071,1.384028,0.000000,0.222222,6,5,7,6,6,8,6,6,7,0,no_conv
3,shared,5_2_6,hard,0.666667,0.000000,0.000000,0.296296,0.000000,0.121481,1.550094,0.000000,0.677261,0.000000,0.000000,7,0,8,7,0,8,7,0,8,1,S=0
3,shared,5_2_6,soft,0.222222,0.000000,0.000000,0.148148,0.074074,0.168889,0.942809,0.666667,0.821132,0.000000,0.222222,6,0,7,6,0,8,6,0,7,1,S=0
3,shared,5_2_6,delayed,0.666667,0.000000,0.000000,0.296296,0.074074,0.124444,1.550094,0.666667,0.710879,0.000000,0.222222,6,0,6,6,0,7,6,0,6,1,S=0
3,shared,5_2_6,noisy,0.666667,0.222222,0.026667,0.296296,0.666667,0.228148,1.550094,2.322302,1.211386,1.555556,0.222222,8,1,8,6,0,8,5,0,7,0,no_conv
3,shared,8_8_8,off,0.000000,0.000000,0.257778,0.000000,0.074074,0.284444,0.000000,0.666667,1.414771,0.000000,0.222222,5,3,7,5,3,8,5,3,8,1,other_conv
3,shared,8_8_8,hard,0.222222,0.000000,0.000000,0.074074,0.000000,0.118519,0.666667,0.000000,0.666900,0.000000,0.000000,6,8,8,6,8,8,6,8,8,1,S=8
3,shared,8_8_8,soft,0.222222,0.000000,0.000000,0.074074,0.074074,0.106667,0.666667,0.666667,0.602667,0.000000,0.222222,6,8,7,6,8,8,6,8,7,1,S=8
3,shared,8_8_8,delayed,0.666667,0.000000,0.000000,0.222222,0.074074,0.127407,1.333333,0.666667,0.747556,0.000000,0.222222,7,8,7,7,8,8,7,8,7,1,S=8
3,shared,8_8_8,noisy,0.222222,0.222222,0.044444,0.074074,0.148148,0.216296,0.666667,1.138071,1.227968,0.222222,0.000000,8,7,8,7,8,8,8,8,8,0,no_conv
3,isolated,5_2_6,off,0.000000,4.666667,4.275556,0.074074,4.000000,3.792593,0.666667,5.891869,5.748211,4.666667,2.666667,8,1,6,3,6,8,7,5,4,0,no_conv
3,isolated,5_2_6,hard,0.888889,0.000000,0.000000,0.370370,2.444444,2.296296,1.745356,4.426029,4.228868,4.666667,2.666667,8,0,6,3,0,8,7,0,4,1,S=0
3,isolated,5_2_6,soft,0.222222,0.222222,0.408889,0.148148,2.444444,3.164444,0.942809,4.568280,5.106427,2.888889,4.222222,8,4,6,4,4,8,7,3,3,0,no_conv
3,isolated,5_2_6,delayed,0.888889,0.222222,0.222222,0.370370,2.518519,2.518519,1.745356,4.526406,4.513925,4.666667,2.666667,8,0,6,3,0,8,7,1,4,0,no_conv
3,isolated,5_2_6,noisy,0.888889,0.222222,0.044444,0.370370,2.888889,2.900741,1.745356,4.655376,4.834731,6.888889,1.555556,8,1,6,2,0,8,7,0,5,0,no_conv
3,isolated,8_8_8,off,0.000000,4.666667,5.528889,0.000000,4.000000,4.388148,0.000000,5.891869,6.182230,4.666667,2.666667,8,1,6,3,6,8,7,5,4,0,no_conv
3,isolated,8_8_8,hard,0.222222,0.000000,0.000000,0.074074,2.074074,2.038519,0.666667,3.933126,3.882882,4.666667,1.555556,8,8,6,3,8,8,7,8,5,1,S=8
3,isolated,8_8_8,soft,0.222222,0.000000,0.000000,0.074074,2.444444,2.444444,0.666667,4.426029,4.426029,4.666667,2.666667,8,8,6,3,8,8,7,8,4,1,S=8
3,isolated,8_8_8,delayed,0.222222,0.000000,0.000000,0.074074,2.444444,2.444444,0.666667,4.426029,4.426029,4.666667,2.666667,8,8,6,3,8,8,7,8,4,1,S=8
3,isolated,8_8_8,noisy,0.222222,0.222222,0.026667,0.074074,2.296296,2.198519,0.666667,4.110098,4.142047,4.666667,2.000000,8,7,5,3,8,8,7,8,5,0,no_conv
4,shared,5_2_6,off,0.000000,0.222222,0.266667,0.074074,0.444444,0.311111,0.666667,1.954568,1.480701,0.888889,0.222222,7,6,7,5,7,8,5,6,7,0,no_conv
4,shared,5_2_6,hard,0.666667,0.000000,0.000000,0.296296,0.074074,0.157037,1.550094,0.666667,0.891986,0.222222,0.000000,5,0,7,5,0,7,6,0,7,1,S=0
4,shared,5_2_6,soft,0.000000,0.000000,0.000000,0.074074,0.000000,0.154074,0.666667,0.000000,0.870223,0.000000,0.000000,8,8,8,8,8,8,8,8,8,1,S=8
4,shared,5_2_6,delayed,0.666667,0.000000,0.000000,0.296296,0.296296,0.127407,1.550094,1.333333,0.728875,0.888889,0.000000,8,0,7,6,0,7,6,0,7,1,S=0
4,shared,5_2_6,noisy,0.222222,0.000000,0.008889,0.148148,0.518519,0.204444,1.138071,2.000000,1.117252,1.555556,0.000000,8,8,7,6,8,7,5,8,7,1,S=8
4,shared,8_8_8,off,0.000000,0.222222,0.302222,0.000000,0.444444,0.287407,0.000000,1.895186,1.397705,0.888889,0.222222,7,1,7,5,2,8,5,2,7,0,no_conv
4,shared,8_8_8,hard,0.222222,0.000000,0.000000,0.074074,0.074074,0.142222,0.666667,0.666667,0.798689,0.222222,0.000000,8,8,8,8,8,8,7,8,8,1,S=8
4,shared,8_8_8,soft,0.000000,0.000000,0.000000,0.000000,0.370370,0.139259,0.000000,1.745356,0.837057,0.888889,0.222222,8,8,8,6,8,8,6,8,7,1,S=8
4,shared,8_8_8,delayed,0.666667,0.000000,0.000000,0.222222,0.074074,0.127407,1.333333,0.666667,0.755542,0.222222,0.000000,5,8,8,5,8,8,6,8,8,1,S=8
4,shared,8_8_8,noisy,0.000000,0.000000,0.026667,0.000000,0.148148,0.216296,0.000000,1.138071,1.197358,0.222222,0.222222,5,8,6,5,8,7,6,8,7,1,S=8
4,isolated,5_2_6,off,0.000000,4.666667,4.275556,0.074074,4.000000,3.792593,0.666667,5.891869,5.748211,4.666667,2.666667,8,1,6,3,6,8,7,5,4,0,no_conv
4,isolated,5_2_6,hard,0.888889,0.000000,0.000000,0.370370,2.444444,2.444444,1.745356,4.426029,4.426029,4.666667,2.666667,8,0,6,3,0,8,7,0,4,1,S=0
4,isolated,5_2_6,soft,0.000000,0.000000,0.177778,0.074074,2.444444,2.764444,0.666667,4.426029,4.743427,4.666667,2.666667,8,0,6,3,0,8,7,0,4,1,S=0
4,isolated,5_2_6,delayed,0.888889,0.222222,0.222222,0.370370,2.518519,2.518519,1.745356,4.526406,4.513925,4.666667,2.666667,8,0,6,3,0,8,7,1,4,0,no_conv
4,isolated,5_2_6,noisy,0.222222,0.000000,0.017778,0.148148,2.074074,2.328889,1.138071,4.063375,4.176627,4.666667,1.555556,8,0,5,3,0,8,7,0,7,1,S=0
4,isolated,8_8_8,off,0.000000,4.666667,5.102222,0.000000,4.000000,3.848889,0.000000,5.891869,5.732247,4.666667,2.666667,8,1,6,3,6,8,7,5,4,0,no_conv
4,isolated,8_8_8,hard,0.222222,0.000000,0.000000,0.074074,2.074074,2.088889,0.666667,3.933126,3.952842,4.666667,1.555556,8,8,6,3,8,8,7,8,5,1,S=8
4,isolated,8_8_8,soft,0.000000,0.000000,0.000000,0.000000,2.444444,2.085926,0.000000,4.426029,3.947436,4.666667,2.666667,8,8,6,3,8,8,7,8,4,1,S=8
4,isolated,8_8_8,delayed,0.222222,0.000000,0.000000,0.074074,2.444444,2.444444,0.666667,4.426029,4.426029,4.666667,2.666667,8,8,6,3,8,8,7,8,4,1,S=8
4,isolated,8_8_8,noisy,0.000000,0.000000,0.008889,0.000000,2.518519,2.711111,0.000000,3.887301,4.676205,5.555556,2.000000,8,8,5,3,8,8,8,8,5,1,S=8
5,shared,5_2_6,off,0.000000,0.222222,0.320000,0.000000,0.074074,0.299259,0.000000,0.666667,1.456039,0.000000,0.000000,8,5,8,8,5,8,8,6,8,0,no_conv
5,shared,5_2_6,hard,0.666667,0.000000,0.000000,0.222222,0.370370,0.136296,1.333333,1.490712,0.807360,0.888889,0.222222,7,0,7,5,0,8,5,0,8,1,S=0
5,shared,5_2_6,soft,0.000000,0.000000,0.000000,0.000000,0.370370,0.115556,0.000000,1.745356,0.714594,0.888889,0.222222,8,0,7,6,0,8,6,0,7,1,S=0
5,shared,5_2_6,delayed,0.666667,0.000000,0.000000,0.222222,0.296296,0.139259,1.333333,1.333333,0.830106,0.888889,0.000000,8,0,8,6,0,8,6,0,8,1,S=0
5,shared,5_2_6,noisy,0.666667,0.222222,0.071111,0.222222,0.222222,0.207407,1.333333,1.382088,1.218723,0.222222,0.222222,7,0,7,7,1,8,8,0,7,0,no_conv
5,shared,8_8_8,off,0.000000,0.222222,0.284444,0.000000,0.148148,0.293333,0.000000,0.942809,1.387408,0.000000,0.222222,8,1,7,8,2,8,8,2,8,0,no_conv
5,shared,8_8_8,hard,0.222222,0.000000,0.000000,0.074074,0.370370,0.139259,0.666667,1.745356,0.794799,0.888889,0.222222,8,8,6,6,8,7,6,8,6,1,S=8
5,shared,8_8_8,soft,0.000000,0.000000,0.000000,0.000000,0.370370,0.145185,0.000000,1.745356,0.768992,0.888889,0.222222,8,8,8,6,8,8,6,8,7,1,S=8
5,shared,8_8_8,delayed,0.666667,0.000000,0.000000,0.222222,0.148148,0.142222,1.333333,0.942809,0.808220,0.222222,0.222222,7,8,7,6,8,8,6,8,8,1,S=8
5,shared,8_8_8,noisy,0.222222,0.000000,0.017778,0.074074,0.074074,0.219259,0.666667,0.666667,1.226557,0.000000,0.222222,8,8,7,8,8,8,8,8,8,1,S=8
5,isolated,5_2_6,off,0.000000,4.666667,4.275556,0.074074,4.000000,3.792593,0.666667,5.891869,5.748211,4.666667,2.666667,8,1,6,3,6,8,7,5,4,0,no_conv
5,isolated,5_2_6,hard,0.888889,0.000000,0.000000,0.370370,2.444444,2.444444,1.490712,4.426029,4.426029,4.666667,2.666667,8,0,6,3,0,8,7,0,4,1,S=0
5,isolated,5_2_6,soft,0.000000,0.000000,0.000000,0.074074,2.444444,2.444444,0.666667,4.426029,4.426029,4.666667,2.666667,8,3,6,3,3,8,7,3,4,1,other_conv
5,isolated,5_2_6,delayed,0.888889,0.000000,0.000000,0.370370,2.444444,2.444444,1.490712,4.426029,4.426029,4.666667,2.666667,8,0,6,3,0,8,7,0,4,1,S=0
5,isolated,5_2_6,noisy,0.888889,0.000000,0.053333,0.370370,2.962963,2.314074,1.490712,4.823381,4.211565,4.666667,4.222222,8,0,5,3,0,8,7,0,3,1,S=0
5,isolated,8_8_8,off,0.000000,4.666667,4.844444,0.000000,4.000000,3.985185,0.000000,5.891869,5.883137,4.666667,2.666667,8,1,6,3,6,8,7,5,4,0,no_conv
5,isolated,8_8_8,hard,0.222222,0.000000,0.000000,0.074074,2.074074,2.088889,0.666667,3.933126,3.952842,4.666667,1.555556,8,8,6,3,8,8,7,8,5,1,S=8
5,isolated,8_8_8,soft,0.000000,0.000000,0.000000,0.000000,2.444444,2.198519,0.000000,4.426029,4.098010,4.666667,2.666667,8,8,6,3,8,8,7,8,4,1,S=8
5,isolated,8_8_8,delayed,0.222222,0.000000,0.000000,0.074074,2.444444,2.444444,0.666667,4.426029,4.426029,4.666667,2.666667,8,8,6,3,8,8,7,8,4,1,S=8
5,isolated,8_8_8,noisy,0.222222,0.000000,0.017778,0.074074,2.962963,2.536296,0.666667,4.823381,4.481989,4.666667,4.222222,8,8,5,3,8,8,7,8,3,1,S=8
6,shared,5_2_6,off,0.000000,0.000000,0.275556,0.074074,0.074074,0.260741,0.666667,0.666667,1.317491,0.222222,0.000000,7,4,8,6,4,8,6,4,8,1,other_conv
6,shared,5_2_6,hard,0.666667,0.000000,0.000000,0.296296,0.074074,0.127407,1.550094,0.666667,0.716314,0.222222,0.000000,6,0,8,5,0,8,6,0,8,1,S=0
6,shared,5_2_6,soft,0.000000,0.000000,0.000000,0.074074,0.000000,0.106667,0.666667,0.000000,0.639345,0.000000,0.000000,6,8,8,6,8,8,6,8,8,1,S=8
6,shared,5_2_6,delayed,0.666667,0.000000,0.000000,0.296296,0.148148,0.151111,1.550094,0.942809,0.863928,0.222222,0.222222,6,0,8,6,0,8,7,0,7,1,S=0
6,shared,5_2_6,noisy,0.666667,0.000000,0.008889,0.296296,0.148148,0.174815,1.550094,0.942809,1.031259,0.222222,0.222222,8,8,8,8,8,8,7,8,7,1,S=8
6,shared,8_8_8,off,0.000000,0.222222,0.222222,0.000000,0.148148,0.234074,0.000000,1.138071,1.177231,0.000000,0.222222,8,2,8,8,1,8,8,2,7,0,no_conv
6,shared,8_8_8,hard,0.222222,0.000000,0.000000,0.074074,0.148148,0.168889,0.666667,1.138071,1.013742,0.222222,0.222222,8,8,7,8,8,8,7,8,8,1,S=8
6,shared,8_8_8,soft,0.000000,0.000000,0.000000,0.000000,0.074074,0.106667,0.000000,0.666667,0.647155,0.000000,0.222222,6,8,8,6,8,8,6,8,7,1,S=8
6,shared,8_8_8,delayed,0.666667,0.000000,0.000000,0.222222,0.222222,0.130370,1.333333,1.333333,0.804955,0.000000,0.666667,8,8,6,8,8,7,8,8,8,1,S=8
6,shared,8_8_8,noisy,0.222222,0.000000,0.008889,0.074074,0.000000,0.183704,0.666667,0.000000,1.060300,0.000000,0.000000,8,8,8,8,8,8,8,8,8,1,S=8
6,isolated,5_2_6,off,0.000000,4.666667,3.697778,0.148148,4.000000,3.677037,1.138071,5.891869,5.646154,4.666667,2.666667,8,1,6,3,6,8,7,5,4,0,no_conv
6,isolated,5_2_6,hard,0.888889,0.000000,0.000000,0.444444,2.444444,2.296296,1.895186,4.426029,4.228868,4.666667,2.666667,8,0,6,3,0,8,7,0,4,1,S=0
6,isolated,5_2_6,soft,0.000000,0.000000,0.142222,0.148148,2.444444,2.548148,1.138071,4.426029,4.535398,4.666667,2.666667,8,0,6,3,0,8,7,0,4,1,S=0
6,isolated,5_2_6,delayed,0.888889,0.222222,0.222222,0.444444,2.518519,2.518519,1.895186,4.526406,4.513925,4.666667,2.666667,8,0,6,3,0,8,7,1,4,0,no_conv
6,isolated,5_2_6,noisy,0.222222,0.000000,0.035556,0.222222,3.629630,2.746667,1.382088,5.573124,4.703573,4.666667,6.222222,8,0,6,3,0,8,7,0,2,1,S=0
6,isolated,8_8_8,off,0.000000,4.666667,4.915556,0.000000,4.000000,4.082963,0.000000,5.891869,5.956279,4.666667,2.666667,8,1,6,3,6,8,7,5,4,0,no_conv
6,isolated,8_8_8,hard,0.222222,0.000000,0.000000,0.074074,2.444444,2.133333,0.666667,4.426029,4.011991,4.666667,2.666667,8,8,6,3,8,8,7,8,4,1,S=8
6,isolated,8_8_8,soft,0.000000,0.000000,0.000000,0.000000,2.444444,2.085926,0.000000,4.426029,3.947436,4.666667,2.666667,8,8,6,3,8,8,7,8,4,1,S=8
6,isolated,8_8_8,delayed,0.222222,0.000000,0.000000,0.074074,2.444444,2.444444,0.666667,4.426029,4.426029,4.666667,2.666667,8,8,6,3,8,8,7,8,4,1,S=8
6,isolated,8_8_8,noisy,0.222222,0.222222,0.035556,0.074074,2.518519,2.862222,0.666667,4.485952,4.814030,4.666667,2.666667,8,8,6,3,7,8,7,8,4,0,no_conv
7,shared,5_2_6,off,0.000000,0.000000,0.204444,0.074074,0.000000,0.228148,0.666667,0.000000,1.193493,0.000000,0.000000,7,4,7,7,4,7,7,4,7,1,other_conv
7,shared,5_2_6,hard,0.666667,0.000000,0.000000,0.296296,0.000000,0.136296,1.550094,0.000000,0.811935,0.000000,0.000000,6,0,8,6,0,8,6,0,8,1,S=0
7,shared,5_2_6,soft,0.000000,0.000000,0.000000,0.074074,0.148148,0.106667,0.666667,1.138071,0.633909,0.222222,0.222222,8,8,8,7,8,8,7,8,7,1,S=8
7,shared,5_2_6,delayed,0.666667,0.000000,0.000000,0.296296,0.000000,0.157037,1.550094,0.000000,0.906391,0.000000,0.000000,8,0,8,8,0,8,8,0,8,1,S=0
7,shared,5_2_6,noisy,0.222222,0.000000,0.026667,0.148148,0.740741,0.251852,0.942809,2.418611,1.295541,1.555556,0.666667,4,0,6,5,0,7,7,0,8,1,S=0
7,shared,8_8_8,off,0.000000,0.000000,0.293333,0.000000,0.000000,0.254815,0.000000,0.000000,1.259141,0.000000,0.000000,8,5,8,8,5,8,8,5,8,1,other_conv
7,shared,8_8_8,hard,0.222222,0.000000,0.000000,0.074074,0.148148,0.142222,0.666667,1.138071,0.783600,0.222222,0.222222,8,8,8,7,8,8,7,8,7,1,S=8
7,shared,8_8_8,soft,0.000000,0.000000,0.000000,0.000000,0.074074,0.130370,0.000000,0.666667,0.804124,0.222222,0.000000,8,8,8,8,8,8,7,8,8,1,S=8
7,shared,8_8_8,delayed,0.666667,0.000000,0.000000,0.222222,0.074074,0.121481,1.333333,0.666667,0.759432,0.000000,0.222222,8,0,7,8,0,7,8,0,6,1,S=0
7,shared,8_8_8,noisy,0.222222,0.000000,0.000000,0.074074,0.296296,0.204444,0.666667,1.550094,1.148251,0.666667,0.222222,8,8,6,6,8,7,7,8,6,1,S=8
7,isolated,5_2_6,off,0.000000,4.666667,4.275556,0.148148,4.000000,3.792593,1.138071,5.891869,5.748211,4.666667,2.666667,8,1,6,3,6,8,7,5,4,0,no_conv
7,isolated,5_2_6,hard,0.888889,0.000000,0.000000,0.444444,2.444444,2.444444,1.895186,4.426029,4.426029,4.666667,2.666667,8,0,6,3,0,8,7,0,4,1,S=0
7,isolated,5_2_6,soft,0.000000,0.222222,0.222222,0.148148,1.925926,2.320000,1.138071,3.793985,4.155145,4.666667,0.888889,8,3,6,3,3,8,7,4,6,0,no_conv
7,isolated,5_2_6,delayed,0.888889,0.000000,0.000000,0.444444,2.444444,2.444444,1.895186,4.426029,4.426029,4.666667,2.666667,8,4,6,3,4,8,7,4,4,1,other_conv
7,isolated,5_2_6,noisy,0.000000,0.000000,0.044444,0.148148,1.777778,2.352593,1.138071,3.661790,4.207421,4.666667,0.666667,8,0,7,3,0,8,7,0,6,1,S=0
7,isolated,8_8_8,off,0.000000,4.666667,5.360000,0.000000,4.000000,4.231111,0.000000,5.891869,6.074413,4.666667,2.666667,8,1,6,3,6,8,7,5,4,0,no_conv
7,isolated,8_8_8,hard,0.222222,0.000000,0.000000,0.074074,2.444444,2.103704,0.666667,4.426029,3.972558,4.666667,2.666667,8,8,6,3,8,8,7,8,4,1,S=8
7,isolated,8_8_8,soft,0.000000,0.000000,0.000000,0.000000,2.444444,2.444444,0.000000,4.426029,4.426029,4.666667,2.666667,8,8,6,3,8,8,7,8,4,1,S=8
7,isolated,8_8_8,delayed,0.222222,0.000000,0.000000,0.074074,2.444444,2.444444,0.666667,4.426029,4.426029,4.666667,2.666667,8,8,6,3,8,8,7,8,4,1,S=8
7,isolated,8_8_8,noisy,0.222222,0.000000,0.026667,0.074074,1.851852,2.560000,0.666667,3.619100,4.424294,4.666667,0.888889,8,8,6,3,8,8,7,8,6,1,S=8
8,shared,5_2_6,off,0.000000,0.222222,0.257778,0.074074,0.222222,0.251852,0.666667,1.382088,1.311861,0.222222,0.222222,7,1,7,7,1,8,8,2,8,0,no_conv
8,shared,5_2_6,hard,0.666667,0.000000,0.000000,0.296296,0.074074,0.121481,1.550094,0.666667,0.759432,0.222222,0.000000,8,0,8,8,0,8,7,0,8,1,S=0
8,shared,5_2_6,soft,0.000000,0.000000,0.000000,0.074074,0.148148,0.142222,0.666667,1.138071,0.796489,0.222222,0.222222,8,8,8,7,8,8,7,8,7,1,S=8
8,shared,5_2_6,delayed,0.666667,0.000000,0.000000,0.296296,0.074074,0.136296,1.550094,0.666667,0.754026,0.000000,0.222222,7,0,7,7,0,8,7,0,8,1,S=0
8,shared,5_2_6,noisy,0.666667,0.000000,0.026667,0.296296,0.148148,0.222222,1.550094,1.138071,1.235681,0.222222,0.222222,8,0,6,8,0,7,7,0,6,1,S=0
8,shared,8_8_8,off,0.000000,0.222222,0.284444,0.000000,0.148148,0.272593,0.000000,0.942809,1.366911,0.000000,0.222222,7,4,7,7,3,8,7,3,8,0,no_conv
8,shared,8_8_8,hard,0.222222,0.000000,0.000000,0.074074,0.000000,0.186667,0.666667,0.000000,1.022464,0.000000,0.000000,8,8,8,8,8,8,8,8,8,1,S=8
8,shared,8_8_8,soft,0.000000,0.000000,0.000000,0.000000,0.000000,0.127407,0.000000,0.000000,0.743156,0.000000,0.000000,8,8,8,8,8,8,8,8,8,1,S=8
8,shared,8_8_8,delayed,0.666667,0.000000,0.000000,0.222222,0.000000,0.168889,1.333333,0.000000,0.931090,0.000000,0.000000,7,8,8,7,8,8,7,8,8,1,S=8
8,shared,8_8_8,noisy,0.222222,0.222222,0.026667,0.074074,0.444444,0.213333,0.666667,1.962117,1.168901,0.888889,0.222222,7,5,8,5,6,8,5,5,7,0,no_conv
8,isolated,5_2_6,off,0.000000,4.666667,3.608889,0.074074,4.000000,3.647407,0.666667,5.891869,5.626741,4.666667,2.666667,8,1,6,3,6,8,7,5,4,0,no_conv
8,isolated,5_2_6,hard,0.888889,0.000000,0.000000,0.370370,2.444444,2.296296,1.745356,4.426029,4.228868,4.666667,2.666667,8,0,6,3,0,8,7,0,4,1,S=0
8,isolated,5_2_6,soft,0.000000,0.222222,0.266667,0.074074,2.518519,2.761481,0.666667,4.485952,4.763190,4.666667,2.666667,8,2,6,3,1,8,7,2,4,0,no_conv
8,isolated,5_2_6,delayed,0.888889,0.222222,0.222222,0.370370,2.518519,2.518519,1.745356,4.526406,4.513925,4.666667,2.666667,8,0,6,3,0,8,7,1,4,0,no_conv
8,isolated,5_2_6,noisy,0.222222,0.000000,0.044444,0.148148,1.851852,2.465185,1.138071,3.619100,4.448587,4.666667,0.888889,8,0,6,3,0,8,7,0,6,1,S=0
8,isolated,8_8_8,off,0.000000,5.555556,6.124444,0.000000,3.703704,4.293333,0.000000,5.608565,6.123437,4.666667,0.888889,8,1,6,3,6,8,7,6,8,0,no_conv
8,isolated,8_8_8,hard,0.222222,0.000000,0.000000,0.074074,2.074074,2.088889,0.666667,3.933126,3.952842,4.666667,1.555556,8,8,6,3,8,8,7,8,5,1,S=8
8,isolated,8_8_8,soft,0.000000,0.000000,0.000000,0.000000,2.444444,2.444444,0.000000,4.426029,4.426029,4.666667,2.666667,8,8,6,3,8,8,7,8,4,1,S=8
8,isolated,8_8_8,delayed,0.222222,0.000000,0.000000,0.074074,2.444444,2.444444,0.666667,4.426029,4.426029,4.666667,2.666667,8,8,6,3,8,8,7,8,4,1,S=8
8,isolated,8_8_8,noisy,0.222222,0.000000,0.017778,0.074074,2.074074,2.391111,0.666667,3.933126,4.369060,4.666667,1.555556,8,8,6,3,8,8,7,8,5,1,S=8
9,shared,5_2_6,off,0.000000,0.222222,0.231111,0.074074,0.370370,0.275556,0.666667,1.794111,1.364676,0.666667,0.222222,8,5,7,6,5,8,7,4,7,0,no_conv
9,shared,5_2_6,hard,0.666667,0.000000,0.000000,0.296296,0.370370,0.121481,1.550094,1.745356,0.691163,0.888889,0.222222,8,0,8,6,0,8,6,0,7,1,S=0
9,shared,5_2_6,soft,0.000000,0.000000,0.000000,0.074074,0.370370,0.154074,0.666667,1.745356,0.913342,0.888889,0.222222,8,8,7,6,8,8,6,8,7,1,S=8
9,shared,5_2_6,delayed,0.666667,0.000000,0.000000,0.296296,0.074074,0.154074,1.550094,0.666667,0.893145,0.222222,0.000000,7,0,8,6,0,8,7,0,8,1,S=0
9,shared,5_2_6,noisy,0.222222,0.000000,0.071111,0.148148,0.444444,0.251852,1.138071,1.885618,1.362446,0.666667,0.666667,8,0,6,7,0,7,6,0,8,1,S=0
9,shared,8_8_8,off,0.000000,0.222222,0.240000,0.000000,0.074074,0.234074,0.000000,0.666667,1.079311,0.000000,0.000000,8,5,8,8,6,8,8,6,8,0,no_conv
9,shared,8_8_8,hard,0.222222,0.000000,0.000000,0.074074,0.370370,0.127407,0.666667,1.745356,0.760292,0.888889,0.222222,8,8,8,6,8,8,6,8,7,1,S=8
9,shared,8_8_8,soft,0.000000,0.000000,0.000000,0.000000,0.370370,0.133333,0.000000,1.490712,0.771367,0.888889,0.222222,8,8,7,6,8,8,6,8,8,1,S=8
9,shared,8_8_8,delayed,0.666667,0.000000,0.000000,0.222222,0.296296,0.145185,1.333333,1.333333,0.810390,0.888889,0.000000,8,8,8,6,8,8,6,8,8,1,S=8
9,shared,8_8_8,noisy,0.222222,0.000000,0.000000,0.074074,0.370370,0.242963,0.666667,1.745356,1.250167,0.888889,0.222222,7,8,7,5,8,8,7,8,8,1,S=8
9,isolated,5_2_6,off,0.000000,4.666667,3.697778,0.148148,4.000000,3.677037,1.138071,5.891869,5.646154,4.666667,2.666667,8,1,6,3,6,8,7,5,4,0,no_conv
9,isolated,5_2_6,hard,0.888889,0.000000,0.000000,0.444444,2.444444,2.444444,1.895186,4.426029,4.426029,4.666667,2.666667,8,0,6,3,0,8,7,0,4,1,S=0
9,isolated,5_2_6,soft,0.000000,0.000000,0.000000,0.148148,2.444444,2.444444,1.138071,4.426029,4.426029,4.666667,2.666667,8,3,6,3,3,8,7,3,4,1,other_conv
9,isolated,5_2_6,delayed,0.888889,0.222222,0.222222,0.444444,2.518519,2.518519,1.895186,4.485952,4.512307,4.666667,2.666667,8,2,6,3,1,8,7,2,4,0,no_conv
9,isolated,5_2_6,noisy,0.888889,0.000000,0.035556,0.444444,2.074074,2.761481,1.962117,4.111696,4.845761,4.666667,1.555556,8,0,7,3,0,8,7,0,5,1,S=0
9,isolated,8_8_8,off,0.000000,4.666667,5.111111,0.000000,4.000000,4.074074,0.000000,5.891869,5.937324,4.666667,2.666667,8,1,6,3,6,8,7,5,4,0,no_conv
9,isolated,8_8_8,hard,0.222222,0.000000,0.000000,0.074074,2.444444,2.263704,0.666667,4.426029,4.180373,4.666667,2.666667,8,8,6,3,8,8,7,8,4,1,S=8
9,isolated,8_8_8,soft,0.000000,0.000000,0.000000,0.000000,2.444444,2.444444,0.000000,4.426029,4.426029,4.666667,2.666667,8,8,6,3,8,8,7,8,4,1,S=8
9,isolated,8_8_8,delayed,0.222222,0.000000,0.000000,0.074074,2.444444,2.444444,0.666667,4.426029,4.426029,4.666667,2.666667,8,8,6,3,8,8,7,8,4,1,S=8
9,isolated,8_8_8,noisy,0.222222,0.000000,0.017778,0.074074,2.222222,2.405926,0.666667,3.943651,4.380419,4.666667,2.000000,8,8,5,3,8,8,7,8,5,1,S=8
10,shared,5_2_6,off,0.000000,0.222222,0.293333,0.000000,0.074074,0.287407,0.000000,0.666667,1.434087,0.000000,0.000000,5,5,8,5,5,8,5,6,8,0,no_conv
10,shared,5_2_6,hard,0.666667,0.000000,0.000000,0.222222,0.000000,0.130370,1.333333,0.000000,0.825356,0.000000,0.000000,6,0,8,6,0,8,6,0,8,1,S=0
10,shared,5_2_6,soft,0.222222,0.000000,0.000000,0.074074,0.000000,0.124444,0.666667,0.000000,0.743811,0.000000,0.000000,8,0,6,8,0,6,8,0,6,1,S=0
10,shared,5_2_6,delayed,0.666667,0.000000,0.000000,0.222222,0.000000,0.121481,1.333333,0.000000,0.734310,0.000000,0.000000,8,0,6,8,0,6,8,0,6,1,S=0
10,shared,5_2_6,noisy,0.222222,0.000000,0.035556,0.074074,0.296296,0.237037,0.666667,1.609476,1.281730,0.666667,0.222222,8,0,8,6,0,8,7,0,7,1,S=0
10,shared,8_8_8,off,0.000000,0.222222,0.284444,0.000000,0.148148,0.240000,0.000000,0.942809,1.189947,0.000000,0.222222,8,4,7,8,5,8,8,5,8,0,no_conv
10,shared,8_8_8,hard,0.222222,0.000000,0.000000,0.074074,0.074074,0.121481,0.666667,0.666667,0.678777,0.222222,0.000000,8,8,8,7,8,8,7,8,8,1,S=8
10,shared,8_8_8,soft,0.222222,0.000000,0.000000,0.074074,0.148148,0.145185,0.666667,1.138071,0.830311,0.222222,0.222222,8,8,8,7,8,8,7,8,7,1,S=8
10,shared,8_8_8,delayed,0.666667,0.000000,0.000000,0.222222,0.074074,0.115556,1.333333,0.666667,0.701348,0.000000,0.222222,8,8,6,8,8,6,8,8,7,1,S=8
10,shared,8_8_8,noisy,0.222222,0.000000,0.097778,0.074074,0.296296,0.251852,0.666667,1.550094,1.350593,0.666667,0.222222,7,0,7,5,0,8,6,0,7,1,S=0
10,isolated,5_2_6,off,0.000000,4.666667,4.275556,0.074074,4.000000,3.792593,0.666667,5.891869,5.748211,4.666667,2.666667,8,1,6,3,6,8,7,5,4,0,no_conv
10,isolated,5_2_6,hard,0.888889,0.000000,0.000000,0.370370,2.444444,2.444444,1.490712,4.426029,4.426029,4.666667,2.666667,8,0,6,3,0,8,7,0,4,1,S=0
10,isolated,5_2_6,soft,0.222222,0.000000,0.284444,0.148148,2.444444,2.450370,1.138071,4.426029,4.450837,4.666667,2.666667,8,3,6,3,3,8,7,3,4,1,other_conv
10,isolated,5_2_6,delayed,0.888889,0.000000,0.000000,0.370370,2.444444,2.444444,1.490712,4.426029,4.426029,4.666667,2.666667,8,0,6,3,0,8,7,0,4,1,S=0
10,isolated,5_2_6,noisy,0.000000,0.000000,0.017778,0.074074,2.962963,2.675556,0.666667,4.983522,4.688952,4.666667,4.222222,8,0,6,3,0,8,7,0,3,1,S=0
10,isolated,8_8_8,off,0.000000,4.666667,5.057778,0.000000,4.000000,3.982222,0.000000,5.891869,5.884530,4.666667,2.666667,8,1,6,3,6,8,7,5,4,0,no_conv
10,isolated,8_8_8,hard,0.222222,0.000000,0.000000,0.074074,2.074074,2.088889,0.666667,3.933126,3.952842,4.666667,1.555556,8,8,6,3,8,8,7,8,5,1,S=8
10,isolated,8_8_8,soft,0.222222,0.000000,0.000000,0.074074,2.444444,2.085926,0.666667,4.426029,3.947436,4.666667,2.666667,8,8,6,3,8,8,7,8,4,1,S=8
10,isolated,8_8_8,delayed,0.222222,0.000000,0.000000,0.074074,2.444444,2.444444,0.666667,4.426029,4.426029,4.666667,2.666667,8,8,6,3,8,8,7,8,4,1,S=8
10,isolated,8_8_8,noisy,0.222222,0.000000,0.026667,0.074074,2.444444,2.506667,0.666667,4.426029,4.538413,4.666667,2.666667,8,8,6,3,8,8,7,8,4,1,S=8
11,shared,5_2_6,off,0.000000,0.000000,0.311111,0.074074,0.370370,0.328889,0.666667,1.490712,1.561421,0.888889,0.222222,8,6,7,6,6,8,6,6,8,1,other_conv
11,shared,5_2_6,hard,0.666667,0.000000,0.000000,0.296296,0.074074,0.112593,1.550094,0.666667,0.695053,0.000000,0.222222,8,0,7,8,0,8,8,0,8,1,S=0
11,shared,5_2_6,soft,0.222222,0.000000,0.000000,0.148148,0.370370,0.154074,0.942809,1.745356,0.824876,0.888889,0.222222,8,0,8,6,0,8,6,0,7,1,S=0
11,shared,5_2_6,delayed,0.666667,0.000000,0.000000,0.296296,0.074074,0.112593,1.550094,0.666667,0.662121,0.000000,0.222222,8,0,6,8,0,7,8,0,7,1,S=0
11,shared,5_2_6,noisy,0.222222,0.000000,0.008889,0.148148,0.074074,0.219259,1.138071,0.666667,1.174866,0.000000,0.222222,8,0,7,8,0,8,8,0,7,1,S=0
11,shared,8_8_8,off,0.000000,0.666667,0.293333,0.000000,0.592593,0.281481,0.000000,2.230710,1.389034,0.888889,0.222222,6,2,7,4,3,8,4,4,7,0,no_conv
11,shared,8_8_8,hard,0.222222,0.000000,0.000000,0.074074,0.000000,0.145185,0.666667,0.000000,0.802784,0.000000,0.000000,8,8,8,8,8,8,8,8,8,1,S=8
11,shared,8_8_8,soft,0.222222,0.000000,0.000000,0.074074,0.518519,0.160000,0.666667,2.021498,0.922872,0.888889,0.666667,7,8,5,5,8,6,5,8,7,1,S=8
11,shared,8_8_8,delayed,0.666667,0.000000,0.000000,0.222222,0.000000,0.121481,1.333333,0.000000,0.730390,0.000000,0.000000,8,0,8,8,0,8,8,0,8,1,S=0
11,shared,8_8_8,noisy,0.222222,0.222222,0.017778,0.074074,0.444444,0.222222,0.666667,1.632993,1.233322,0.888889,0.222222,8,7,6,6,8,7,6,8,7,0,no_conv
11,isolated,5_2_6,off,0.000000,4.666667,4.275556,0.370370,4.000000,3.792593,1.745356,5.891869,5.748211,4.666667,2.666667,8,1,6,3,6,8,7,5,4,0,no_conv
11,isolated,5_2_6,hard,0.888889,0.000000,0.000000,0.666667,2.444444,2.296296,2.276142,4.426029,4.228868,4.666667,2.666667,8,0,6,3,0,8,7,0,4,1,S=0
11,isolated,5_2_6,soft,0.222222,0.000000,0.000000,0.444444,2.444444,2.444444,1.954568,4.426029,4.426029,4.666667,2.666667,8,0,6,3,0,8,7,0,4,1,S=0
11,isolated,5_2_6,delayed,0.888889,0.222222,0.222222,0.666667,2.518519,2.518519,2.276142,4.526406,4.513925,4.666667,2.666667,8,0,6,3,0,8,7,1,4,0,no_conv
11,isolated,5_2_6,noisy,0.888889,0.000000,0.017778,0.666667,2.962963,2.536296,2.412023,4.983522,4.495970,4.666667,4.222222,8,0,6,3,0,8,7,0,3,1,S=0
11,isolated,8_8_8,off,0.000000,4.666667,5.057778,0.000000,4.000000,3.982222,0.000000,5.891869,5.884530,4.666667,2.666667,8,1,6,3,6,8,7,5,4,0,no_conv
11,isolated,8_8_8,hard,0.222222,0.000000,0.000000,0.074074,2.074074,2.088889,0.666667,3.933126,3.952842,4.666667,1.555556,8,8,6,3,8,8,7,8,5,1,S=8
11,isolated,8_8_8,soft,0.222222,0.000000,0.000000,0.074074,2.444444,2.085926,0.666667,4.426029,3.947436,4.666667,2.666667,8,8,6,3,8,8,7,8,4,1,S=8
11,isolated,8_8_8,delayed,0.222222,0.000000,0.000000,0.074074,2.444444,2.444444,0.666667,4.426029,4.426029,4.666667,2.666667,8,8,6,3,8,8,7,8,4,1,S=8
11,isolated,8_8_8,noisy,0.222222,0.000000,0.000000,0.074074,1.777778,2.462222,0.666667,3.661790,4.465630,4.666667,0.666667,8,8,7,3,8,8,7,8,6,1,S=8
12,shared,5_2_6,off,0.000000,0.666667,0.293333,0.074074,0.296296,0.320000,0.666667,1.550094,1.425311,0.222222,0.000000,7,3,8,7,4,8,6,5,8,0,no_conv
12,shared,5_2_6,hard,0.666667,0.000000,0.000000,0.296296,0.000000,0.162963,1.550094,0.000000,0.893058,0.000000,0.000000,8,0,8,8,0,8,8,0,8,1,S=0
12,shared,5_2_6,soft,0.000000,0.000000,0.000000,0.074074,0.074074,0.171852,0.666667,0.666667,0.951054,0.000000,0.222222,7,0,7,7,0,8,7,0,7,1,S=0
12,shared,5_2_6,delayed,0.666667,0.000000,0.000000,0.296296,0.148148,0.133333,1.550094,1.138071,0.811250,0.222222,0.222222,8,0,7,8,0,8,7,0,7,1,S=0
12,shared,5_2_6,noisy,0.222222,0.000000,0.026667,0.148148,0.148148,0.234074,1.138071,1.138071,1.204254,0.222222,0.222222,8,8,8,7,8,8,7,8,7,1,S=8
12,shared,8_8_8,off,0.000000,0.000000,0.257778,0.000000,0.000000,0.281481,0.000000,0.000000,1.368832,0.000000,0.000000,7,3,8,7,3,8,7,3,8,1,other_conv
12,shared,8_8_8,hard,0.222222,0.000000,0.000000,0.074074,0.000000,0.136296,0.666667,0.000000,0.781553,0.000000,0.000000,8,8,8,8,8,8,8,8,8,1,S=8
12,shared,8_8_8,soft,0.000000,0.000000,0.000000,0.000000,0.148148,0.145185,0.000000,0.942809,0.844212,0.222222,0.222222,8,8,8,8,8,8,7,8,7,1,S=8
12,shared,8_8_8,delayed,0.666667,0.000000,0.000000,0.222222,0.296296,0.127407,1.333333,1.550094,0.761837,0.222222,0.666667,8,8,6,8,8,7,7,8,8,1,S=8
12,shared,8_8_8,noisy,0.000000,0.000000,0.026667,0.000000,0.222222,0.213333,0.000000,1.333333,1.218165,0.666667,0.000000,7,8,8,5,8,8,6,8,8,1,S=8
12,isolated,5_2_6,off,0.000000,4.666667,3.937778,0.148148,4.000000,3.546667,1.138071,5.891869,5.545633,4.666667,2.666667,8,1,6,3,6,8,7,5,4,0,no_conv
12,isolated,5_2_6,hard,0.888889,0.000000,0.000000,0.444444,2.444444,2.296296,1.895186,4.426029,4.228868,4.666667,2.666667,8,0,6,3,0,8,7,0,4,1,S=0
12,isolated,5_2_6,soft,0.000000,0.000000,0.248889,0.148148,2.962963,2.657778,1.138071,4.983522,4.627828,4.666667,4.222222,8,3,6,3,3,8,7,3,3,1,other_conv
12,isolated,5_2_6,delayed,0.888889,0.222222,0.222222,0.444444,2.518519,2.518519,1.895186,4.526406,4.513925,4.666667,2.666667,8,0,6,3,0,8,7,1,4,0,no_conv
12,isolated,5_2_6,noisy,0.666667,0.000000,0.008889,0.370370,2.518519,2.577778,1.794111,4.639384,4.608710,4.666667,2.888889,8,0,7,3,0,8,7,0,4,1,S=0
12,isolated,8_8_8,off,0.000000,4.666667,5.093333,0.000000,4.000000,4.432593,0.000000,5.891869,6.244003,4.666667,2.666667,8,1,6,3,6,8,7,5,4,0,no_conv
12,isolated,8_8_8,hard,0.222222,0.000000,0.000000,0.074074,2.444444,2.103704,0.666667,4.426029,3.972558,4.666667,2.666667,8,8,6,3,8,8,7,8,4,1,S=8
12,isolated,8_8_8,soft,0.000000,0.000000,0.000000,0.000000,2.444444,2.183704,0.000000,4.426029,4.074637,4.666667,2.666667,8,8,6,3,8,8,7,8,4,1,S=8
12,isolated,8_8_8,delayed,0.222222,0.000000,0.000000,0.074074,2.444444,2.444444,0.666667,4.426029,4.426029,4.666667,2.666667,8,8,6,3,8,8,7,8,4,1,S=8
12,isolated,8_8_8,noisy,0.000000,0.000000,0.008889,0.000000,2.444444,2.785185,0.000000,4.426029,4.807039,4.666667,2.666667,8,8,6,3,8,8,7,8,4,1,S=8
13,shared,5_2_6,off,0.000000,0.000000,0.293333,0.000000,0.148148,0.299259,0.000000,1.138071,1.408679,0.222222,0.222222,7,4,8,6,4,8,7,4,7,1,other_conv
13,shared,5_2_6,hard,0.666667,0.000000,0.000000,0.222222,0.074074,0.142222,1.333333,0.666667,0.872394,0.000000,0.222222,7,0,7,7,0,8,7,0,7,1,S=0
13,shared,5_2_6,soft,0.000000,0.000000,0.000000,0.000000,0.074074,0.130370,0.000000,0.666667,0.786099,0.000000,0.222222,8,0,6,8,0,7,8,0,7,1,S=0
13,shared,5_2_6,delayed,0.666667,0.000000,0.000000,0.222222,0.000000,0.130370,1.333333,0.000000,0.766587,0.000000,0.000000,7,0,8,7,0,8,7,0,8,1,S=0
13,shared,5_2_6,noisy,0.222222,0.222222,0.106667,0.074074,0.148148,0.266667,0.666667,1.138071,1.344385,0.000000,0.222222,8,3,6,8,3,7,8,2,7,0,no_conv
13,shared,8_8_8,off,0.000000,0.222222,0.266667,0.000000,0.148148,0.281481,0.000000,1.138071,1.422272,0.000000,0.222222,6,7,8,6,6,8,6,6,7,0,no_conv
13,shared,8_8_8,hard,0.222222,0.000000,0.000000,0.074074,0.074074,0.130370,0.666667,0.666667,0.777633,0.000000,0.222222,8,8,6,8,8,7,8,8,7,1,S=8
13,shared,8_8_8,soft,0.000000,0.000000,0.000000,0.000000,0.000000,0.145185,0.000000,0.000000,0.791563,0.000000,0.000000,7,8,8,7,8,8,7,8,8,1,S=8
13,shared,8_8_8,delayed,0.666667,0.000000,0.000000,0.222222,0.000000,0.124444,1.333333,0.000000,0.711563,0.000000,0.000000,8,8,8,8,8,8,8,8,8,1,S=8
13,shared,8_8_8,noisy,0.222222,0.222222,0.124444,0.074074,0.148148,0.225185,0.666667,1.138071,1.230694,0.000000,0.222222,8,3,7,8,3,8,8,2,7,0,no_conv
13,isolated,5_2_6,off,0.000000,4.666667,4.275556,0.074074,4.000000,3.792593,0.666667,5.891869,5.748211,4.666667,2.666667,8,1,6,3,6,8,7,5,4,0,no_conv
13,isolated,5_2_6,hard,0.888889,0.000000,0.000000,0.370370,2.444444,2.296296,1.490712,4.426029,4.228868,4.666667,2.666667,8,0,6,3,0,8,7,0,4,1,S=0
13,isolated,5_2_6,soft,0.000000,0.000000,0.266667,0.074074,3.629630,2.474074,0.666667,5.573124,4.412046,4.666667,6.222222,8,0,6,3,0,8,7,0,2,1,S=0
13,isolated,5_2_6,delayed,0.888889,0.000000,0.000000,0.370370,2.444444,2.444444,1.490712,4.426029,4.426029,4.666667,2.666667,8,4,6,3,4,8,7,4,4,1,other_conv
13,isolated,5_2_6,noisy,0.666667,0.000000,0.062222,0.296296,2.444444,2.450370,1.609476,4.426029,4.331357,4.666667,2.666667,8,0,6,3,0,8,7,0,4,1,S=0
13,isolated,8_8_8,off,0.000000,4.666667,5.253333,0.000000,4.000000,4.062222,0.000000,5.891869,5.930338,4.666667,2.666667,8,1,6,3,6,8,7,5,4,0,no_conv
13,isolated,8_8_8,hard,0.222222,0.000000,0.000000,0.074074,2.444444,2.103704,0.666667,4.426029,3.972558,4.666667,2.666667,8,8,6,3,8,8,7,8,4,1,S=8
13,isolated,8_8_8,soft,0.000000,0.000000,0.000000,0.000000,2.444444,2.444444,0.000000,4.426029,4.426029,4.666667,2.666667,8,8,6,3,8,8,7,8,4,1,S=8
13,isolated,8_8_8,delayed,0.222222,0.000000,0.000000,0.074074,2.444444,2.444444,0.666667,4.426029,4.426029,4.666667,2.666667,8,8,6,3,8,8,7,8,4,1,S=8
13,isolated,8_8_8,noisy,0.222222,0.000000,0.017778,0.074074,3.629630,2.785185,0.666667,5.573124,4.784846,4.666667,6.222222,8,8,6,3,8,8,7,8,2,1,S=8
14,shared,5_2_6,off,0.000000,0.666667,0.320000,0.074074,0.592593,0.284444,0.666667,2.149830,1.438263,0.888889,0.222222,8,3,7,6,4,8,6,5,8,0,no_conv
14,shared,5_2_6,hard,0.666667,0.000000,0.000000,0.296296,0.148148,0.133333,1.550094,1.138071,0.847623,0.222222,0.222222,6,0,8,5,0,8,5,0,7,1,S=0
14,shared,5_2_6,soft,0.000000,0.000000,0.000000,0.074074,0.370370,0.112593,0.666667,1.490712,0.646500,0.888889,0.222222,6,8,7,4,8,8,4,8,8,1,S=8
14,shared,5_2_6,delayed,0.666667,0.000000,0.000000,0.296296,0.074074,0.127407,1.550094,0.666667,0.855053,0.000000,0.222222,6,0,7,6,0,8,6,0,8,1,S=0
14,shared,5_2_6,noisy,0.666667,0.000000,0.000000,0.296296,0.074074,0.186667,1.550094,0.666667,1.082217,0.000000,0.222222,7,0,7,7,0,8,7,0,7,1,S=0
14,shared,8_8_8,off,0.000000,0.222222,0.248889,0.000000,0.222222,0.234074,0.000000,1.154701,1.155375,0.222222,0.222222,6,4,8,6,4,8,7,5,7,0,no_conv
14,shared,8_8_8,hard,0.222222,0.000000,0.000000,0.074074,0.000000,0.112593,0.666667,0.000000,0.620693,0.000000,0.000000,8,8,8,8,8,8,8,8,8,1,S=8
14,shared,8_8_8,soft,0.000000,0.000000,0.000000,0.000000,0.074074,0.130370,0.000000,0.666667,0.782208,0.222222,0.000000,7,8,8,6,8,8,6,8,8,1,S=8
14,shared,8_8_8,delayed,0.666667,0.000000,0.000000,0.222222,0.074074,0.118519,1.333333,0.666667,0.628503,0.000000,0.222222,5,8,7,5,8,8,5,8,8,1,S=8
14,shared,8_8_8,noisy,0.222222,0.222222,0.151111,0.074074,0.148148,0.269630,0.666667,1.138071,1.357271,0.000000,0.222222,8,6,7,8,6,8,8,5,7,0,no_conv
14,isolated,5_2_6,off,0.000000,4.666667,3.902222,0.074074,4.000000,3.525926,0.666667,5.891869,5.495201,4.666667,2.666667,8,1,6,3,6,8,7,5,4,0,no_conv
14,isolated,5_2_6,hard,0.888889,0.000000,0.000000,0.370370,2.444444,2.296296,1.745356,4.426029,4.228868,4.666667,2.666667,8,0,6,3,0,8,7,0,4,1,S=0
14,isolated,5_2_6,soft,0.000000,0.000000,0.000000,0.074074,2.444444,2.465185,0.666667,4.426029,4.448329,4.666667,2.666667,8,0,6,3,0,8,7,0,4,1,S=0
14,isolated,5_2_6,delayed,0.888889,0.222222,0.222222,0.370370,2.518519,2.518519,1.745356,4.526406,4.513925,4.666667,2.666667,8,0,6,3,0,8,7,1,4,0,no_conv
14,isolated,5_2_6,noisy,0.222222,0.000000,0.000000,0.148148,2.222222,2.642963,1.138071,3.943651,4.599791,4.666667,2.000000,8,0,5,3,0,8,7,0,5,1,S=0
14,isolated,8_8_8,off,0.000000,4.666667,4.844444,0.000000,4.000000,3.985185,0.000000,5.891869,5.883137,4.666667,2.666667,8,1,6,3,6,8,7,5,4,0,no_conv
14,isolated,8_8_8,hard,0.222222,0.000000,0.000000,0.074074,2.444444,2.148148,0.666667,4.426029,4.031707,4.666667,2.666667,8,8,6,3,8,8,7,8,4,1,S=8
14,isolated,8_8_8,soft,0.000000,0.000000,0.000000,0.000000,2.444444,2.085926,0.000000,4.426029,3.947436,4.666667,2.666667,8,8,6,3,8,8,7,8,4,1,S=8
14,isolated,8_8_8,delayed,0.222222,0.000000,0.000000,0.074074,2.444444,2.444444,0.666667,4.426029,4.426029,4.666667,2.666667,8,8,6,3,8,8,7,8,4,1,S=8
14,isolated,8_8_8,noisy,0.222222,0.000000,0.017778,0.074074,2.962963,2.565926,0.666667,4.823381,4.506778,4.666667,4.222222,8,8,5,3,8,8,7,8,3,1,S=8
15,shared,5_2_6,off,0.000000,0.222222,0.222222,0.074074,0.148148,0.281481,0.666667,1.138071,1.314524,0.222222,0.000000,7,5,7,6,5,7,7,4,7,0,no_conv
15,shared,5_2_6,hard,0.666667,0.000000,0.000000,0.296296,0.370370,0.121481,1.550094,1.745356,0.715454,0.888889,0.222222,8,0,8,6,0,8,6,0,7,1,S=0
15,shared,5_2_6,soft,0.222222,0.000000,0.000000,0.148148,0.000000,0.139259,0.942809,0.000000,0.771163,0.000000,0.000000,5,0,7,5,0,7,5,0,7,1,S=0
15,shared,5_2_6,delayed,0.666667,0.000000,0.000000,0.296296,0.370370,0.136296,1.550094,1.745356,0.790019,0.888889,0.222222,8,0,7,6,0,7,6,0,8,1,S=0
15,shared,5_2_6,noisy,0.222222,0.000000,0.017778,0.148148,0.296296,0.248889,0.942809,1.550094,1.331202,0.222222,0.666667,8,0,6,7,0,7,7,0,8,1,S=0
15,shared,8_8_8,off,0.000000,0.666667,0.293333,0.000000,0.370370,0.302222,0.000000,1.727180,1.433102,0.222222,0.222222,8,3,7,7,4,8,7,5,8,0,no_conv
15,shared,8_8_8,hard,0.222222,0.000000,0.000000,0.074074,0.000000,0.124444,0.666667,0.000000,0.669451,0.000000,0.000000,6,8,8,6,8,8,6,8,8,1,S=8
15,shared,8_8_8,soft,0.222222,0.000000,0.000000,0.074074,0.296296,0.112593,0.666667,1.333333,0.683148,0.888889,0.000000,8,8,8,6,8,8,6,8,8,1,S=8
15,shared,8_8_8,delayed,0.666667,0.000000,0.000000,0.222222,0.000000,0.121481,1.333333,0.000000,0.670791,0.000000,0.000000,5,0,8,5,0,8,5,0,8,1,S=0
15,shared,8_8_8,noisy,0.666667,0.000000,0.026667,0.222222,0.296296,0.254815,1.333333,1.333333,1.324861,0.888889,0.000000,7,8,8,5,8,8,7,8,8,1,S=8
15,isolated,5_2_6,off,0.000000,4.666667,4.275556,0.148148,4.000000,3.792593,1.138071,5.891869,5.748211,4.666667,2.666667,8,1,6,3,6,8,7,5,4,0,no_conv
15,isolated,5_2_6,hard,0.888889,0.000000,0.000000,0.444444,2.444444,2.296296,1.895186,4.426029,4.228868,4.666667,2.666667,8,0,6,3,0,8,7,0,4,1,S=0
15,isolated,5_2_6,soft,0.222222,0.000000,0.222222,0.222222,2.370370,2.764444,1.382088,4.072039,4.740334,5.555556,1.555556,8,2,6,3,2,8,8,2,5,1,other_conv
15,isolated,5_2_6,delayed,0.888889,0.222222,0.222222,0.444444,2.518519,2.518519,1.895186,4.526406,4.513925,4.666667,2.666667,8,0,6,3,0,8,7,1,4,0,no_conv
15,isolated,5_2_6,noisy,0.666667,0.000000,0.000000,0.370370,2.518519,2.459259,1.759306,4.639384,4.445142,4.666667,2.888889,8,0,7,3,0,8,7,0,4,1,S=0
15,isolated,8_8_8,off,0.000000,4.666667,5.164444,0.000000,4.000000,4.017778,0.000000,5.891869,5.906204,4.666667,2.666667,8,1,6,3,6,8,7,5,4,0,no_conv
15,isolated,8_8_8,hard,0.222222,0.000000,0.000000,0.074074,2.444444,2.088889,0.666667,4.426029,3.952842,4.666667,2.666667,8,8,6,3,8,8,7,8,4,1,S=8
15,isolated,8_8_8,soft,0.222222,0.000000,0.000000,0.074074,2.444444,2.444444,0.666667,4.426029,4.426029,4.666667,2.666667,8,8,6,3,8,8,7,8,4,1,S=8
15,isolated,8_8_8,delayed,0.222222,0.000000,0.000000,0.074074,2.444444,2.444444,0.666667,4.426029,4.426029,4.666667,2.666667,8,8,6,3,8,8,7,8,4,1,S=8
15,isolated,8_8_8,noisy,0.222222,0.000000,0.017778,0.074074,2.074074,3.925926,0.666667,4.111696,5.724522,4.666667,1.555556,8,8,7,3,8,8,7,8,5,1,S=8
16,shared,5_2_6,off,0.000000,0.222222,0.400000,0.074074,0.592593,0.382222,0.666667,2.216761,1.702954,1.555556,0.000000,6,4,8,4,3,8,3,4,8,0,no_conv
16,shared,5_2_6,hard,0.666667,0.000000,0.000000,0.296296,0.370370,0.136296,1.550094,1.490712,0.710048,0.888889,0.222222,7,0,7,5,0,8,5,0,8,1,S=0
16,shared,5_2_6,soft,0.000000,0.000000,0.000000,0.074074,0.074074,0.118519,0.666667,0.666667,0.771338,0.222222,0.000000,8,8,8,8,8,8,7,8,8,1,S=8
16,shared,5_2_6,delayed,0.666667,0.000000,0.000000,0.296296,0.296296,0.139259,1.550094,1.550094,0.819061,0.666667,0.222222,6,0,6,4,0,7,5,0,7,1,S=0
16,shared,5_2_6,noisy,0.222222,0.000000,0.026667,0.148148,0.370370,0.228148,0.942809,1.490712,1.262069,0.888889,0.222222,8,0,6,6,0,7,6,0,7,1,S=0
16,shared,8_8_8,off,0.000000,0.222222,0.275556,0.000000,0.222222,0.228148,0.000000,1.382088,1.151021,0.222222,0.222222,8,3,8,8,2,8,7,3,7,0,no_conv
16,shared,8_8_8,hard,0.222222,0.000000,0.000000,0.074074,0.296296,0.165926,0.666667,1.333333,0.914558,0.888889,0.000000,6,8,8,4,8,8,4,8,8,1,S=8
16,shared,8_8_8,soft,0.000000,0.000000,0.000000,0.000000,0.370370,0.157037,0.000000,1.490712,0.906216,0.888889,0.222222,7,8,7,5,8,8,5,8,8,1,S=8
16,shared,8_8_8,delayed,0.666667,0.000000,0.000000,0.222222,0.000000,0.162963,1.333333,0.000000,0.895345,0.000000,0.000000,4,8,7,4,8,7,4,8,7,1,S=8
16,shared,8_8_8,noisy,0.222222,0.000000,0.000000,0.074074,0.148148,0.201481,0.666667,1.138071,1.143768,0.222222,0.222222,8,8,7,8,8,8,7,8,8,1,S=8
16,isolated,5_2_6,off,0.000000,4.666667,4.275556,0.148148,4.000000,3.792593,1.138071,5.891869,5.748211,4.666667,2.666667,8,1,6,3,6,8,7,5,4,0,no_conv
16,isolated,5_2_6,hard,0.888889,0.000000,0.000000,0.444444,2.444444,2.296296,1.895186,4.426029,4.228868,4.666667,2.666667,8,0,6,3,0,8,7,0,4,1,S=0
16,isolated,5_2_6,soft,0.000000,0.222222,0.337778,0.148148,2.592593,2.761481,1.138071,4.723210,4.738326,4.666667,2.888889,8,3,7,3,4,8,7,4,4,0,no_conv
16,isolated,5_2_6,delayed,0.888889,0.222222,0.222222,0.444444,2.518519,2.518519,1.895186,4.526406,4.513925,4.666667,2.666667,8,0,6,3,0,8,7,1,4,0,no_conv
16,isolated,5_2_6,noisy,0.000000,0.222222,0.044444,0.148148,3.703704,3.208889,1.138071,5.626814,5.167203,4.666667,6.222222,8,0,6,3,1,8,7,0,2,0,no_conv
16,isolated,8_8_8,off,0.000000,4.666667,5.413333,0.000000,4.000000,4.160000,0.000000,5.891869,6.032176,4.666667,2.666667,8,1,6,3,6,8,7,5,4,0,no_conv
16,isolated,8_8_8,hard,0.222222,0.000000,0.000000,0.074074,2.444444,2.444444,0.666667,4.426029,4.426029,4.666667,2.666667,8,8,6,3,8,8,7,8,4,1,S=8
16,isolated,8_8_8,soft,0.000000,0.000000,0.000000,0.000000,2.444444,2.444444,0.000000,4.426029,4.426029,4.666667,2.666667,8,8,6,3,8,8,7,8,4,1,S=8
16,isolated,8_8_8,delayed,0.222222,0.000000,0.000000,0.074074,2.444444,2.444444,0.666667,4.426029,4.426029,4.666667,2.666667,8,8,6,3,8,8,7,8,4,1,S=8
16,isolated,8_8_8,noisy,0.222222,0.000000,0.017778,0.074074,2.444444,2.225185,0.666667,4.426029,4.097492,4.666667,2.666667,8,8,6,3,8,8,7,8,4,1,S=8
17,shared,5_2_6,off,0.000000,0.222222,0.284444,0.000000,0.148148,0.290370,0.000000,1.138071,1.437436,0.000000,0.222222,7,5,7,7,5,8,7,4,8,0,no_conv
17,shared,5_2_6,hard,0.666667,0.000000,0.000000,0.222222,0.148148,0.136296,1.333333,1.138071,0.878005,0.222222,0.222222,8,0,7,8,0,8,7,0,8,1,S=0
17,shared,5_2_6,soft,0.000000,0.000000,0.026667,0.000000,0.370370,0.168889,0.000000,1.745356,0.964611,0.888889,0.222222,8,8,7,6,8,8,6,8,7,1,S=8
17,shared,5_2_6,delayed,0.666667,0.000000,0.000000,0.222222,0.370370,0.160000,1.333333,1.745356,0.840853,0.888889,0.222222,8,0,8,6,0,8,6,0,7,1,S=0
17,shared,5_2_6,noisy,0.222222,0.000000,0.000000,0.074074,0.296296,0.231111,0.666667,1.550094,1.235797,0.222222,0.666667,8,0,6,8,0,7,7,0,8,1,S=0
17,shared,8_8_8,off,0.000000,0.222222,0.240000,0.000000,0.148148,0.237037,0.000000,0.942809,1.176969,0.000000,0.222222,8,5,8,8,5,8,8,4,7,0,no_conv
17,shared,8_8_8,hard,0.222222,0.000000,0.000000,0.074074,0.296296,0.133333,0.666667,1.333333,0.777633,0.888889,0.000000,8,8,8,6,8,8,6,8,8,1,S=8
17,shared,8_8_8,soft,0.000000,0.000000,0.000000,0.000000,0.370370,0.139259,0.000000,1.490712,0.837917,0.888889,0.222222,8,8,6,6,8,7,6,8,7,1,S=8
17,shared,8_8_8,delayed,0.666667,0.000000,0.000000,0.222222,0.370370,0.139259,1.333333,1.745356,0.796999,0.888889,0.222222,8,8,8,6,8,8,6,8,7,1,S=8
17,shared,8_8_8,noisy,0.222222,0.000000,0.017778,0.074074,0.074074,0.177778,0.666667,0.666667,1.035107,0.000000,0.222222,8,0,6,8,0,7,8,0,6,1,S=0
17,isolated,5_2_6,off,0.000000,4.666667,4.275556,0.074074,4.000000,3.792593,0.666667,5.891869,5.748211,4.666667,2.666667,8,1,6,3,6,8,7,5,4,0,no_conv
17,isolated,5_2_6,hard,0.888889,0.000000,0.000000,0.370370,2.444444,2.296296,1.490712,4.426029,4.228868,4.666667,2.666667,8,0,6,3,0,8,7,0,4,1,S=0
17,isolated,5_2_6,soft,0.000000,0.000000,0.071111,0.074074,2.444444,2.583704,0.666667,4.426029,4.575104,4.666667,2.666667,8,3,6,3,3,8,7,3,4,1,other_conv
17,isolated,5_2_6,delayed,0.888889,0.222222,0.222222,0.370370,2.518519,2.518519,1.490712,4.526406,4.513925,4.666667,2.666667,8,0,6,3,0,8,7,1,4,0,no_conv
17,isolated,5_2_6,noisy,0.666667,0.000000,0.008889,0.296296,2.074074,2.050370,1.550094,3.933126,3.899450,4.666667,1.555556,8,0,6,3,0,8,7,0,5,1,S=0
17,isolated,8_8_8,off,0.000000,4.666667,5.093333,0.000000,4.000000,4.142222,0.000000,5.891869,6.020980,4.666667,2.666667,8,1,6,3,6,8,7,5,4,0,no_conv
17,isolated,8_8_8,hard,0.222222,0.000000,0.000000,0.074074,2.074074,2.088889,0.666667,3.933126,3.952842,4.666667,1.555556,8,8,6,3,8,8,7,8,5,1,S=8
17,isolated,8_8_8,soft,0.000000,0.000000,0.000000,0.000000,2.444444,2.085926,0.000000,4.426029,3.947436,4.666667,2.666667,8,8,6,3,8,8,7,8,4,1,S=8
17,isolated,8_8_8,delayed,0.222222,0.000000,0.000000,0.074074,2.444444,2.444444,0.666667,4.426029,4.426029,4.666667,2.666667,8,8,6,3,8,8,7,8,4,1,S=8
17,isolated,8_8_8,noisy,0.222222,0.000000,0.017778,0.074074,2.074074,2.414815,0.666667,3.905767,4.408820,4.666667,1.555556,8,8,5,3,8,8,7,8,6,1,S=8
18,shared,5_2_6,off,0.000000,0.222222,0.266667,0.000000,0.222222,0.278519,0.000000,1.154701,1.410204,0.222222,0.222222,8,5,7,8,5,7,7,4,6,0,no_conv
18,shared,5_2_6,hard,0.666667,0.000000,0.000000,0.222222,0.074074,0.148148,1.333333,0.666667,0.874114,0.222222,0.000000,8,0,8,8,0,8,7,0,8,1,S=0
18,shared,5_2_6,soft,0.000000,0.000000,0.000000,0.000000,0.000000,0.121481,0.000000,0.000000,0.736001,0.000000,0.000000,8,8,8,8,8,8,8,8,8,1,S=8
18,shared,5_2_6,delayed,0.666667,0.000000,0.000000,0.222222,0.000000,0.118519,1.333333,0.000000,0.692023,0.000000,0.000000,8,0,8,8,0,8,8,0,8,1,S=0
18,shared,5_2_6,noisy,0.666667,0.000000,0.080000,0.222222,0.148148,0.237037,1.333333,0.942809,1.268964,0.222222,0.222222,8,8,6,7,8,7,8,8,6,1,S=8
18,shared,8_8_8,off,0.000000,0.666667,0.302222,0.000000,0.296296,0.311111,0.000000,1.550094,1.489706,0.222222,0.000000,8,4,8,7,3,8,7,2,8,0,no_conv
18,shared,8_8_8,hard,0.222222,0.000000,0.000000,0.074074,0.074074,0.136296,0.666667,0.666667,0.877021,0.000000,0.222222,7,8,7,7,8,7,7,8,6,1,S=8
18,shared,8_8_8,soft,0.000000,0.000000,0.000000,0.000000,0.148148,0.139259,0.000000,0.942809,0.770507,0.222222,0.222222,8,8,6,8,8,6,7,8,7,1,S=8
18,shared,8_8_8,delayed,0.666667,0.000000,0.000000,0.222222,0.000000,0.118519,1.333333,0.000000,0.781524,0.000000,0.000000,7,8,7,7,8,7,7,8,7,1,S=8
18,shared,8_8_8,noisy,0.222222,0.000000,0.026667,0.074074,0.296296,0.251852,0.666667,1.609476,1.317323,0.666667,0.222222,6,8,8,4,8,8,5,8,7,1,S=8
18,isolated,5_2_6,off,0.000000,4.666667,4.275556,0.000000,4.000000,3.792593,0.000000,5.891869,5.748211,4.666667,2.666667,8,1,6,3,6,8,7,5,4,0,no_conv
18,isolated,5_2_6,hard,0.888889,0.000000,0.000000,0.296296,2.444444,2.444444,1.333333,4.426029,4.426029,4.666667,2.666667,8,0,6,3,0,8,7,0,4,1,S=0
18,isolated,5_2_6,soft,0.000000,0.666667,0.400000,0.000000,3.185185,2.533333,0.000000,5.132273,4.402578,4.666667,4.222222,8,4,5,3,5,8,7,6,3,0,no_conv
18,isolated,5_2_6,delayed,0.888889,0.222222,0.222222,0.296296,2.518519,2.518519,1.333333,4.527857,4.513983,4.666667,2.666667,8,1,6,3,0,8,7,0,4,0,no_conv
18,isolated,5_2_6,noisy,0.222222,0.000000,0.017778,0.074074,2.074074,2.494815,0.666667,4.111696,4.483924,4.666667,1.555556,8,0,7,3,0,8,7,0,5,1,S=0
18,isolated,8_8_8,off,0.000000,5.555556,4.951111,0.000000,3.925926,3.614815,0.000000,5.848207,5.542682,4.666667,1.555556,8,1,6,3,6,8,7,6,5,0,no_conv
18,isolated,8_8_8,hard,0.222222,0.000000,0.000000,0.074074,2.074074,2.088889,0.666667,3.933126,3.952842,4.666667,1.555556,8,8,6,3,8,8,7,8,5,1,S=8
18,isolated,8_8_8,soft,0.000000,0.000000,0.000000,0.000000,2.444444,2.085926,0.000000,4.426029,3.947436,4.666667,2.666667,8,8,6,3,8,8,7,8,4,1,S=8
18,isolated,8_8_8,delayed,0.222222,0.000000,0.000000,0.074074,2.444444,2.444444,0.666667,4.426029,4.426029,4.666667,2.666667,8,8,6,3,8,8,7,8,4,1,S=8
18,isolated,8_8_8,noisy,0.222222,0.000000,0.044444,0.074074,2.222222,2.616296,0.666667,3.943651,4.620664,4.666667,2.000000,8,8,5,3,8,8,7,8,5,1,S=8
19,shared,5_2_6,off,0.000000,0.222222,0.373333,0.000000,0.222222,0.325926,0.000000,1.382088,1.538894,0.222222,0.222222,7,7,7,7,7,8,8,8,7,0,no_conv
19,shared,5_2_6,hard,0.666667,0.000000,0.000000,0.222222,0.000000,0.145185,1.333333,0.000000,0.832686,0.000000,0.000000,8,0,8,8,0,8,8,0,8,1,S=0
19,shared,5_2_6,soft,0.000000,0.000000,0.026667,0.000000,0.000000,0.157037,0.000000,0.000000,0.876872,0.000000,0.000000,7,8,8,7,8,8,7,8,8,1,S=8
19,shared,5_2_6,delayed,0.666667,0.000000,0.000000,0.222222,0.000000,0.121481,1.333333,0.000000,0.726675,0.000000,0.000000,8,0,8,8,0,8,8,0,8,1,S=0
19,shared,5_2_6,noisy,0.666667,0.000000,0.008889,0.222222,0.074074,0.216296,1.333333,0.666667,1.199929,0.000000,0.222222,8,0,7,8,0,8,8,0,8,1,S=0
19,shared,8_8_8,off,0.000000,0.222222,0.311111,0.000000,0.222222,0.302222,0.000000,1.382088,1.441508,0.222222,0.222222,7,2,6,6,3,7,6,3,6,0,no_conv
19,shared,8_8_8,hard,0.222222,0.000000,0.000000,0.074074,0.148148,0.148148,0.666667,0.942809,0.893625,0.222222,0.222222,7,8,7,6,8,8,6,8,8,1,S=8
19,shared,8_8_8,soft,0.000000,0.000000,0.000000,0.000000,0.000000,0.133333,0.000000,0.000000,0.766587,0.000000,0.000000,8,8,8,8,8,8,8,8,8,1,S=8
19,shared,8_8_8,delayed,0.666667,0.000000,0.000000,0.222222,0.000000,0.133333,1.333333,0.000000,0.797145,0.000000,0.000000,6,8,8,6,8,8,6,8,8,1,S=8
19,shared,8_8_8,noisy,0.222222,0.000000,0.008889,0.074074,0.148148,0.207407,0.666667,1.138071,1.194574,0.222222,0.222222,8,8,6,8,8,7,7,8,6,1,S=8
19,isolated,5_2_6,off,0.000000,4.666667,4.275556,0.074074,4.000000,3.792593,0.666667,5.891869,5.748211,4.666667,2.666667,8,1,6,3,6,8,7,5,4,0,no_conv
19,isolated,5_2_6,hard,0.888889,0.000000,0.000000,0.370370,2.444444,2.444444,1.490712,4.426029,4.426029,4.666667,2.666667,8,0,6,3,0,8,7,0,4,1,S=0
19,isolated,5_2_6,soft,0.000000,0.222222,0.382222,0.074074,3.629630,3.564444,0.666667,5.475896,5.442634,4.666667,6.000000,8,3,5,3,3,8,7,2,2,0,no_conv
19,isolated,5_2_6,delayed,0.888889,0.222222,0.222222,0.370370,2.518519,2.518519,1.490712,4.485952,4.512307,4.666667,2.666667,8,0,6,3,1,8,7,0,4,0,no_conv
19,isolated,5_2_6,noisy,0.888889,0.000000,0.008889,0.370370,1.851852,2.773333,1.490712,3.619100,4.778469,4.666667,0.888889,8,0,6,3,0,8,7,0,6,1,S=0
19,isolated,8_8_8,off,0.000000,4.666667,5.040000,0.000000,4.000000,4.020741,0.000000,5.891869,5.923217,4.666667,2.666667,8,1,6,3,6,8,7,5,4,0,no_conv
19,isolated,8_8_8,hard,0.222222,0.000000,0.000000,0.074074,2.444444,2.103704,0.666667,4.426029,3.972558,4.666667,2.666667,8,8,6,3,8,8,7,8,4,1,S=8
19,isolated,8_8_8,soft,0.000000,0.000000,0.000000,0.000000,2.444444,2.444444,0.000000,4.426029,4.426029,4.666667,2.666667,8,8,6,3,8,8,7,8,4,1,S=8
19,isolated,8_8_8,delayed,0.222222,0.000000,0.000000,0.074074,2.444444,2.444444,0.666667,4.426029,4.426029,4.666667,2.666667,8,8,6,3,8,8,7,8,4,1,S=8
19,isolated,8_8_8,noisy,0.222222,0.000000,0.008889,0.074074,2.074074,2.533333,0.666667,3.933126,4.485438,4.666667,1.555556,8,8,6,3,8,8,7,8,5,1,S=8
