seed,env_init,init_mode,sym_var_init,sym_var_final,sym_var_second_half_mean,final_R_A,final_S_A,final_I_A,final_R_B,final_S_B,final_I_B,final_R_C,final_S_C,final_I_C,converged,attractor
0,5_2_6,current,0.888889,0.222222,0.222222,8,3,6,3,4,8,7,3,4,0,no_conv
0,5_2_6,no_update_first_step,0.000000,0.222222,0.311111,8,0,6,3,0,8,7,1,4,0,no_conv
0,8_8_8,current,0.222222,0.000000,0.000000,8,8,6,3,8,8,7,8,4,1,S=8
0,8_8_8,no_update_first_step,0.000000,0.000000,0.000000,8,8,6,3,8,8,7,8,4,1,S=8
1,5_2_6,current,0.888889,0.222222,0.222222,8,0,6,3,0,8,7,1,4,0,no_conv
1,5_2_6,no_update_first_step,0.000000,0.222222,0.240000,8,8,6,3,7,8,7,8,4,0,no_conv
1,8_8_8,current,0.222222,0.000000,0.000000,8,8,6,3,8,8,7,8,4,1,S=8
1,8_8_8,no_update_first_step,0.000000,0.000000,0.000000,8,8,6,3,8,8,7,8,4,1,S=8
2,5_2_6,current,0.888889,0.222222,0.222222,8,0,6,3,0,8,7,1,4,0,no_conv
2,5_2_6,no_update_first_step,0.000000,0.222222,0.240000,8,8,6,3,7,8,7,8,4,0,no_conv
2,8_8_8,current,0.222222,0.000000,0.000000,8,8,6,3,8,8,7,8,4,1,S=8
2,8_8_8,no_update_first_step,0.000000,0.000000,0.000000,8,8,6,3,8,8,7,8,4,1,S=8
3,5_2_6,current,0.888889,0.222222,0.222222,8,0,6,3,0,8,7,1,4,0,no_conv
3,5_2_6,no_update_first_step,0.000000,0.222222,0.240000,8,8,6,3,7,8,7,8,4,0,no_conv
3,8_8_8,current,0.222222,0.000000,0.000000,8,8,6,3,8,8,7,8,4,1,S=8
3,8_8_8,no_update_first_step,0.000000,0.000000,0.000000,8,8,6,3,8,8,7,8,4,1,S=8
4,5_2_6,current,0.888889,0.222222,0.222222,8,0,6,3,0,8,7,1,4,0,no_conv
4,5_2_6,no_update_first_step,0.000000,0.222222,0.240000,8,8,6,3,7,8,7,8,4,0,no_conv
4,8_8_8,current,0.222222,0.000000,0.000000,8,8,6,3,8,8,7,8,4,1,S=8
4,8_8_8,no_update_first_step,0.000000,0.000000,0.000000,8,8,6,3,8,8,7,8,4,1,S=8
5,5_2_6,current,0.888889,0.000000,0.000000,8,0,6,3,0,8,7,0,4,1,S=0
5,5_2_6,no_update_first_step,0.000000,0.222222,0.222222,8,7,6,3,8,8,7,8,4,0,no_conv
5,8_8_8,current,0.222222,0.000000,0.000000,8,8,6,3,8,8,7,8,4,1,S=8
5,8_8_8,no_update_first_step,0.000000,0.000000,0.000000,8,8,6,3,8,8,7,8,4,1,S=8
6,5_2_6,current,0.888889,0.222222,0.222222,8,0,6,3,0,8,7,1,4,0,no_conv
6,5_2_6,no_update_first_step,0.000000,0.000000,0.000000,8,8,6,3,8,8,7,8,4,1,S=8
6,8_8_8,current,0.222222,0.000000,0.000000,8,8,6,3,8,8,7,8,4,1,S=8
6,8_8_8,no_update_first_step,0.000000,0.000000,0.000000,8,8,6,3,8,8,7,8,4,1,S=8
7,5_2_6,current,0.888889,0.000000,0.000000,8,4,6,3,4,8,7,4,4,1,other_conv
7,5_2_6,no_update_first_step,0.000000,0.222222,0.222222,8,8,6,3,7,8,7,8,4,0,no_conv
7,8_8_8,current,0.222222,0.000000,0.000000,8,8,6,3,8,8,7,8,4,1,S=8
7,8_8_8,no_update_first_step,0.000000,0.000000,0.000000,8,8,6,3,8,8,7,8,4,1,S=8
8,5_2_6,current,0.888889,0.222222,0.222222,8,0,6,3,0,8,7,1,4,0,no_conv
8,5_2_6,no_update_first_step,0.000000,0.222222,0.240000,8,8,6,3,7,8,7,8,4,0,no_conv
8,8_8_8,current,0.222222,0.000000,0.000000,8,8,6,3,8,8,7,8,4,1,S=8
8,8_8_8,no_update_first_step,0.000000,0.000000,0.000000,8,8,6,3,8,8,7,8,4,1,S=8
9,5_2_6,current,0.888889,0.222222,0.222222,8,2,6,3,1,8,7,2,4,0,no_conv
9,5_2_6,no_update_first_step,0.000000,0.222222,0.240000,8,8,6,3,7,8,7,8,4,0,no_conv
9,8_8_8,current,0.222222,0.000000,0.000000,8,8,6,3,8,8,7,8,4,1,S=8
9,8_8_8,no_update_first_step,0.000000,0.000000,0.000000,8,8,6,3,8,8,7,8,4,1,S=8
10,5_2_6,current,0.888889,0.000000,0.000000,8,0,6,3,0,8,7,0,4,1,S=0
10,5_2_6,no_update_first_step,0.000000,0.222222,0.222222,8,7,6,3,8,8,7,8,4,0,no_conv
10,8_8_8,current,0.222222,0.000000,0.000000,8,8,6,3,8,8,7,8,4,1,S=8
10,8_8_8,no_update_first_step,0.000000,0.000000,0.000000,8,8,6,3,8,8,7,8,4,1,S=8
11,5_2_6,current,0.888889,0.222222,0.222222,8,0,6,3,0,8,7,1,4,0,no_conv
11,5_2_6,no_update_first_step,0.000000,0.222222,0.222222,8,0,6,3,0,8,7,1,4,0,no_conv
11,8_8_8,current,0.222222,0.000000,0.000000,8,8,6,3,8,8,7,8,4,1,S=8
11,8_8_8,no_update_first_step,0.000000,0.000000,0.000000,8,8,6,3,8,8,7,8,4,1,S=8
12,5_2_6,current,0.888889,0.222222,0.222222,8,0,6,3,0,8,7,1,4,0,no_conv
12,5_2_6,no_update_first_step,0.000000,0.222222,0.240000,8,8,6,3,7,8,7,8,4,0,no_conv
12,8_8_8,current,0.222222,0.000000,0.000000,8,8,6,3,8,8,7,8,4,1,S=8
12,8_8_8,no_update_first_step,0.000000,0.000000,0.000000,8,8,6,3,8,8,7,8,4,1,S=8
13,5_2_6,current,0.888889,0.000000,0.000000,8,4,6,3,4,8,7,4,4,1,other_conv
13,5_2_6,no_update_first_step,0.000000,0.222222,0.240000,8,8,6,3,7,8,7,8,4,0,no_conv
13,8_8_8,current,0.222222,0.000000,0.000000,8,8,6,3,8,8,7,8,4,1,S=8
13,8_8_8,no_update_first_step,0.000000,0.000000,0.000000,8,8,6,3,8,8,7,8,4,1,S=8
14,5_2_6,current,0.888889,0.222222,0.222222,8,0,6,3,0,8,7,1,4,0,no_conv
14,5_2_6,no_update_first_step,0.000000,0.222222,0.257778,8,7,6,3,6,8,7,7,4,0,no_conv
14,8_8_8,current,0.222222,0.000000,0.000000,8,8,6,3,8,8,7,8,4,1,S=8
14,8_8_8,no_update_first_step,0.000000,0.000000,0.000000,8,8,6,3,8,8,7,8,4,1,S=8
15,5_2_6,current,0.888889,0.222222,0.222222,8,0,6,3,0,8,7,1,4,0,no_conv
15,5_2_6,no_update_first_step,0.000000,0.000000,0.000000,8,8,6,3,8,8,7,8,4,1,S=8
15,8_8_8,current,0.222222,0.000000,0.000000,8,8,6,3,8,8,7,8,4,1,S=8
15,8_8_8,no_update_first_step,0.000000,0.000000,0.000000,8,8,6,3,8,8,7,8,4,1,S=8
16,5_2_6,current,0.888889,0.222222,0.222222,8,0,6,3,0,8,7,1,4,0,no_conv
16,5_2_6,no_update_first_step,0.000000,0.222222,0.257778,8,7,6,3,6,8,7,7,4,0,no_conv
16,8_8_8,current,0.222222,0.000000,0.000000,8,8,6,3,8,8,7,8,4,1,S=8
16,8_8_8,no_update_first_step,0.000000,0.000000,0.000000,8,8,6,3,8,8,7,8,4,1,S=8
17,5_2_6,current,0.888889,0.222222,0.222222,8,0,6,3,0,8,7,1,4,0,no_conv
17,5_2_6,no_update_first_step,0.000000,0.000000,0.160000,8,0,6,3,0,8,7,0,4,1,S=0
17,8_8_8,current,0.222222,0.000000,0.000000,8,8,6,3,8,8,7,8,4,1,S=8
17,8_8_8,no_update_first_step,0.000000,0.000000,0.000000,8,8,6,3,8,8,7,8,4,1,S=8
18,5_2_6,current,0.888889,0.222222,0.222222,8,1,6,3,0,8,7,0,4,0,no_conv
18,5_2_6,no_update_first_step,0.000000,0.222222,0.222222,8,7,6,3,8,8,7,8,4,0,no_conv
18,8_8_8,current,0.222222,0.000000,0.000000,8,8,6,3,8,8,7,8,4,1,S=8
18,8_8_8,no_update_first_step,0.000000,0.000000,0.000000,8,8,6,3,8,8,7,8,4,1,S=8
19,5_2_6,current,0.888889,0.222222,0.222222,8,0,6,3,1,8,7,0,4,0,no_conv
19,5_2_6,no_update_first_step,0.000000,0.222222,0.311111,8,0,6,3,0,8,7,1,4,0,no_conv
19,8_8_8,current,0.222222,0.000000,0.000000,8,8,6,3,8,8,7,8,4,1,S=8
19,8_8_8,no_update_first_step,0.000000,0.000000,0.000000,8,8,6,3,8,8,7,8,4,1,S=8
20,5_2_6,current,0.888889,0.222222,0.222222,8,0,6,3,0,8,7,1,4,0,no_conv
20,5_2_6,no_update_first_step,0.000000,0.222222,0.275556,8,4,6,3,4,8,7,5,4,0,no_conv
20,8_8_8,current,0.222222,0.000000,0.000000,8,8,6,3,8,8,7,8,4,1,S=8
20,8_8_8,no_update_first_step,0.000000,0.000000,0.000000,8,8,6,3,8,8,7,8,4,1,S=8
21,5_2_6,current,0.888889,0.222222,0.222222,8,0,6,3,0,8,7,1,4,0,no_conv
21,5_2_6,no_update_first_step,0.000000,0.222222,0.240000,8,8,6,3,7,8,7,8,4,0,no_conv
21,8_8_8,current,0.222222,0.000000,0.000000,8,8,6,3,8,8,7,8,4,1,S=8
21,8_8_8,no_update_first_step,0.000000,0.000000,0.000000,8,8,6,3,8,8,7,8,4,1,S=8
22,5_2_6,current,0.888889,0.222222,0.222222,8,0,6,3,0,8,7,1,4,0,no_conv
22,5_2_6,no_update_first_step,0.000000,0.222222,0.240000,8,8,6,3,7,8,7,8,4,0,no_conv
22,8_8_8,current,0.222222,0.000000,0.000000,8,8,6,3,8,8,7,8,4,1,S=8
22,8_8_8,no_update_first_step,0.000000,0.000000,0.000000,8,8,6,3,8,8,7,8,5,1,S=8
23,5_2_6,current,0.888889,0.222222,0.222222,8,0,6,3,0,8,7,1,4,0,no_conv
23,5_2_6,no_update_first_step,0.000000,0.222222,0.240000,8,8,6,3,7,8,7,8,4,0,no_conv
23,8_8_8,current,0.222222,0.000000,0.000000,8,8,6,3,8,8,7,8,4,1,S=8
23,8_8_8,no_update_first_step,0.000000,0.000000,0.000000,8,8,6,3,8,8,7,8,4,1,S=8
24,5_2_6,current,0.222222,0.222222,0.222222,8,4,6,3,5,8,7,5,4,0,no_conv
24,5_2_6,no_update_first_step,0.000000,0.222222,0.240000,8,8,6,3,7,8,7,8,4,0,no_conv
24,8_8_8,current,0.222222,0.000000,0.000000,8,8,6,3,8,8,7,8,5,1,S=8
24,8_8_8,no_update_first_step,0.000000,0.000000,0.000000,8,8,6,3,8,8,7,8,4,1,S=8
25,5_2_6,current,0.888889,0.222222,0.222222,8,0,6,3,0,8,7,1,4,0,no_conv
25,5_2_6,no_update_first_step,0.000000,0.222222,0.240000,8,8,6,3,7,8,7,8,4,0,no_conv
25,8_8_8,current,0.222222,0.000000,0.000000,8,8,6,3,8,8,7,8,4,1,S=8
25,8_8_8,no_update_first_step,0.000000,0.000000,0.000000,8,8,6,3,8,8,7,8,4,1,S=8
26,5_2_6,current,0.888889,0.222222,0.222222,8,0,6,3,0,8,7,1,4,0,no_conv
26,5_2_6,no_update_first_step,0.000000,0.000000,0.000000,8,8,6,3,8,8,7,8,4,1,S=8
26,8_8_8,current,0.222222,0.000000,0.000000,8,8,6,3,8,8,7,8,4,1,S=8
26,8_8_8,no_update_first_step,0.000000,0.000000,0.000000,8,8,6,3,8,8,7,8,4,1,S=8
27,5_2_6,current,0.888889,0.222222,0.222222,8,0,6,3,0,8,7,1,4,0,no_conv
27,5_2_6,no_update_first_step,0.000000,0.000000,0.008889,8,8,6,3,8,8,7,8,4,1,S=8
27,8_8_8,current,0.222222,0.000000,0.000000,8,8,6,3,8,8,7,8,4,1,S=8
27,8_8_8,no_update_first_step,0.000000,0.000000,0.000000,8,8,6,3,8,8,7,8,4,1,S=8
28,5_2_6,current,0.888889,0.222222,0.222222,8,0,6,3,1,8,7,0,4,0,no_conv
28,5_2_6,no_update_first_step,0.000000,0.222222,0.311111,8,0,6,3,0,8,7,1,4,0,no_conv
28,8_8_8,current,0.222222,0.000000,0.000000,8,8,6,3,8,8,7,8,4,1,S=8
28,8_8_8,no_update_first_step,0.000000,0.000000,0.000000,8,8,6,3,8,8,7,8,4,1,S=8
29,5_2_6,current,0.888889,0.000000,0.000000,8,0,6,3,0,8,7,0,4,1,S=0
29,5_2_6,no_update_first_step,0.000000,0.222222,0.240000,8,7,6,3,8,8,7,8,4,0,no_conv
29,8_8_8,current,0.222222,0.000000,0.000000,8,8,6,3,8,8,7,8,4,1,S=8
29,8_8_8,no_update_first_step,0.000000,0.000000,0.000000,8,8,6,3,8,8,7,8,4,1,S=8
30,5_2_6,current,0.888889,0.222222,0.222222,8,1,6,3,0,8,7,1,4,0,no_conv
30,5_2_6,no_update_first_step,0.000000,0.222222,0.257778,8,7,6,3,6,8,7,7,4,0,no_conv
30,8_8_8,current,0.222222,0.000000,0.000000,8,8,6,3,8,8,7,8,4,1,S=8
30,8_8_8,no_update_first_step,0.000000,0.000000,0.000000,8,8,6,3,8,8,7,8,4,1,S=8
31,5_2_6,current,0.888889,0.222222,0.222222,8,0,6,3,0,8,7,1,4,0,no_conv
31,5_2_6,no_update_first_step,0.000000,0.000000,0.000000,8,8,6,3,8,8,7,8,4,1,S=8
31,8_8_8,current,0.222222,0.000000,0.000000,8,8,6,3,8,8,7,8,4,1,S=8
31,8_8_8,no_update_first_step,0.000000,0.000000,0.000000,8,8,6,3,8,8,7,8,4,1,S=8
32,5_2_6,current,0.888889,0.000000,0.000000,8,0,6,3,0,8,7,0,4,1,S=0
32,5_2_6,no_update_first_step,0.000000,0.222222,0.222222,8,7,6,3,8,8,7,8,4,0,no_conv
32,8_8_8,current,0.222222,0.000000,0.000000,8,8,6,3,8,8,7,8,4,1,S=8
32,8_8_8,no_update_first_step,0.000000,0.000000,0.000000,8,8,6,3,8,8,7,8,4,1,S=8
33,5_2_6,current,0.888889,0.222222,0.222222,8,0,6,3,0,8,7,1,4,0,no_conv
33,5_2_6,no_update_first_step,0.000000,0.222222,0.240000,8,8,6,3,7,8,7,8,4,0,no_conv
33,8_8_8,current,0.222222,0.000000,0.000000,8,8,6,3,8,8,7,8,4,1,S=8
33,8_8_8,no_update_first_step,0.000000,0.000000,0.000000,8,8,6,3,8,8,7,8,4,1,S=8
34,5_2_6,current,0.888889,0.222222,0.222222,8,0,6,3,0,8,7,1,4,0,no_conv
34,5_2_6,no_update_first_step,0.000000,0.222222,0.222222,8,8,6,3,7,8,7,8,4,0,no_conv
34,8_8_8,current,0.222222,0.000000,0.000000,8,8,6,3,8,8,7,8,4,1,S=8
34,8_8_8,no_update_first_step,0.000000,0.000000,0.000000,8,8,6,3,8,8,7,8,4,1,S=8
35,5_2_6,current,0.888889,0.222222,0.222222,8,0,6,3,0,8,7,1,4,0,no_conv
35,5_2_6,no_update_first_step,0.000000,0.222222,0.240000,8,8,6,3,7,8,7,8,4,0,no_conv
35,8_8_8,current,0.222222,0.000000,0.000000,8,8,6,3,8,8,7,8,4,1,S=8
35,8_8_8,no_update_first_step,0.000000,0.000000,0.000000,8,8,6,3,8,8,7,8,4,1,S=8
36,5_2_6,current,0.888889,0.222222,0.222222,8,0,6,3,0,8,7,1,4,0,no_conv
36,5_2_6,no_update_first_step,0.000000,0.222222,0.240000,8,8,6,3,7,8,7,8,4,0,no_conv
36,8_8_8,current,0.222222,0.000000,0.000000,8,8,6,3,8,8,7,8,4,1,S=8
36,8_8_8,no_update_first_step,0.000000,0.000000,0.000000,8,8,6,3,8,8,7,8,4,1,S=8
37,5_2_6,current,0.888889,0.000000,0.000000,8,0,6,3,0,8,7,0,4,1,S=0
37,5_2_6,no_update_first_step,0.000000,0.222222,0.222222,8,7,6,3,8,8,7,8,4,0,no_conv
37,8_8_8,current,0.222222,0.000000,0.000000,8,8,6,3,8,8,7,8,4,1,S=8
37,8_8_8,no_update_first_step,0.000000,0.000000,0.000000,8,8,6,3,8,8,7,8,4,1,S=8
38,5_2_6,current,0.888889,0.222222,0.222222,8,0,6,3,0,8,7,1,4,0,no_conv
38,5_2_6,no_update_first_step,0.000000,0.222222,0.240000,8,8,6,3,7,8,7,8,4,0,no_conv
38,8_8_8,current,0.222222,0.000000,0.000000,8,8,6,3,8,8,7,8,4,1,S=8
38,8_8_8,no_update_first_step,0.000000,0.000000,0.000000,8,8,6,3,8,8,7,8,4,1,S=8
39,5_2_6,current,0.888889,0.222222,0.222222,8,0,6,3,0,8,7,1,4,0,no_conv
39,5_2_6,no_update_first_step,0.000000,0.222222,0.222222,8,7,6,3,8,8,7,8,4,0,no_conv
39,8_8_8,current,0.222222,0.000000,0.000000,8,8,6,3,8,8,7,8,4,1,S=8
39,8_8_8,no_update_first_step,0.000000,0.000000,0.000000,8,8,6,3,8,8,7,8,4,1,S=8
40,5_2_6,current,0.888889,0.222222,0.222222,8,2,6,3,2,8,7,1,4,0,no_conv
40,5_2_6,no_update_first_step,0.000000,0.222222,0.222222,8,8,6,3,7,8,7,8,4,0,no_conv
40,8_8_8,current,0.222222,0.000000,0.000000,8,8,6,3,8,8,7,8,4,1,S=8
40,8_8_8,no_update_first_step,0.000000,0.000000,0.000000,8,8,6,3,8,8,7,8,4,1,S=8
41,5_2_6,current,0.888889,0.000000,0.000000,8,0,6,3,0,8,7,0,4,1,S=0
41,5_2_6,no_update_first_step,0.000000,0.222222,0.240000,8,8,6,3,7,8,7,8,4,0,no_conv
41,8_8_8,current,0.222222,0.000000,0.000000,8,8,6,3,8,8,7,8,4,1,S=8
41,8_8_8,no_update_first_step,0.000000,0.000000,0.000000,8,8,6,3,8,8,7,8,4,1,S=8
42,5_2_6,current,0.888889,0.222222,0.222222,8,0,6,3,0,8,7,1,4,0,no_conv
42,5_2_6,no_update_first_step,0.000000,0.222222,0.204444,8,6,6,3,6,8,7,7,4,0,no_conv
42,8_8_8,current,0.222222,0.000000,0.000000,8,8,6,3,8,8,7,8,4,1,S=8
42,8_8_8,no_update_first_step,0.000000,0.000000,0.000000,8,8,6,3,8,8,7,8,4,1,S=8
43,5_2_6,current,0.888889,0.000000,0.000000,8,0,6,3,0,8,7,0,4,1,S=0
43,5_2_6,no_update_first_step,0.000000,0.222222,0.204444,8,8,6,3,7,8,7,7,4,0,no_conv
43,8_8_8,current,0.222222,0.000000,0.000000,8,8,6,3,8,8,7,8,4,1,S=8
43,8_8_8,no_update_first_step,0.000000,0.000000,0.000000,8,8,6,3,8,8,7,8,4,1,S=8
44,5_2_6,current,0.888889,0.222222,0.222222,8,0,6,3,0,8,7,1,4,0,no_conv
44,5_2_6,no_update_first_step,0.000000,0.222222,0.240000,8,8,6,3,7,8,7,8,4,0,no_conv
44,8_8_8,current,0.222222,0.000000,0.000000,8,8,6,3,8,8,7,8,4,1,S=8
44,8_8_8,no_update_first_step,0.000000,0.000000,0.000000,8,8,6,3,8,8,7,8,4,1,S=8
45,5_2_6,current,0.888889,0.000000,0.000000,8,1,6,3,1,8,7,1,4,1,other_conv
45,5_2_6,no_update_first_step,0.000000,0.222222,0.240000,8,8,6,3,7,8,7,8,4,0,no_conv
45,8_8_8,current,0.222222,0.000000,0.000000,8,8,6,3,8,8,7,8,4,1,S=8
45,8_8_8,no_update_first_step,0.000000,0.000000,0.000000,8,8,6,3,8,8,7,8,4,1,S=8
46,5_2_6,current,0.888889,0.222222,0.222222,8,0,6,3,0,8,7,1,4,0,no_conv
46,5_2_6,no_update_first_step,0.000000,0.222222,0.257778,8,8,6,3,7,8,7,8,4,0,no_conv
46,8_8_8,current,0.222222,0.000000,0.000000,8,8,6,3,8,8,7,8,4,1,S=8
46,8_8_8,no_update_first_step,0.000000,0.000000,0.000000,8,8,6,3,8,8,7,8,4,1,S=8
47,5_2_6,current,0.888889,0.222222,0.222222,8,0,6,3,0,8,7,1,4,0,no_conv
47,5_2_6,no_update_first_step,0.000000,0.222222,0.240000,8,8,6,3,7,8,7,8,4,0,no_conv
47,8_8_8,current,0.222222,0.000000,0.000000,8,8,6,3,8,8,7,8,4,1,S=8
47,8_8_8,no_update_first_step,0.000000,0.000000,0.000000,8,8,6,3,8,8,7,8,4,1,S=8
48,5_2_6,current,0.888889,0.222222,0.222222,8,0,6,3,0,8,7,1,4,0,no_conv
48,5_2_6,no_update_first_step,0.000000,0.222222,0.240000,8,8,6,3,7,8,7,8,4,0,no_conv
48,8_8_8,current,0.222222,0.000000,0.000000,8,8,6,3,8,8,7,8,4,1,S=8
48,8_8_8,no_update_first_step,0.000000,0.000000,0.000000,8,8,6,3,8,8,7,8,4,1,S=8
49,5_2_6,current,0.888889,0.222222,0.222222,8,0,6,3,0,8,7,1,4,0,no_conv
49,5_2_6,no_update_first_step,0.000000,0.222222,0.240000,8,8,6,3,7,8,7,8,4,0,no_conv
49,8_8_8,current,0.222222,0.000000,0.000000,8,8,6,3,8,8,7,8,4,1,S=8
49,8_8_8,no_update_first_step,0.000000,0.000000,0.000000,8,8,6,3,8,8,7,8,4,1,S=8
50,5_2_6,current,0.888889,0.222222,0.222222,8,3,6,3,2,8,7,3,4,0,no_conv
50,5_2_6,no_update_first_step,0.000000,0.222222,0.240000,8,8,6,3,7,8,7,8,4,0,no_conv
50,8_8_8,current,0.222222,0.000000,0.000000,8,8,6,3,8,8,7,8,4,1,S=8
50,8_8_8,no_update_first_step,0.000000,0.000000,0.000000,8,8,6,3,8,8,7,8,4,1,S=8
51,5_2_6,current,0.888889,0.222222,0.222222,8,0,6,3,0,8,7,1,4,0,no_conv
51,5_2_6,no_update_first_step,0.000000,0.222222,0.240000,8,8,6,3,7,8,7,8,4,0,no_conv
51,8_8_8,current,0.222222,0.000000,0.000000,8,8,6,3,8,8,7,8,4,1,S=8
51,8_8_8,no_update_first_step,0.000000,0.000000,0.000000,8,8,6,3,8,8,7,8,4,1,S=8
52,5_2_6,current,0.888889,0.000000,0.000000,8,0,6,3,0,8,7,0,4,1,S=0
52,5_2_6,no_update_first_step,0.000000,0.222222,0.240000,8,7,6,3,8,8,7,8,4,0,no_conv
52,8_8_8,current,0.222222,0.000000,0.000000,8,8,6,3,8,8,7,8,4,1,S=8
52,8_8_8,no_update_first_step,0.000000,0.000000,0.000000,8,8,6,3,8,8,7,8,4,1,S=8
53,5_2_6,current,0.888889,0.222222,0.222222,8,1,6,3,2,8,7,1,4,0,no_conv
53,5_2_6,no_update_first_step,0.000000,0.222222,0.240000,8,8,6,3,7,8,7,8,4,0,no_conv
53,8_8_8,current,0.222222,0.000000,0.000000,8,8,6,3,8,8,7,8,4,1,S=8
53,8_8_8,no_update_first_step,0.000000,0.000000,0.000000,8,8,6,3,8,8,7,8,4,1,S=8
54,5_2_6,current,0.888889,0.000000,0.000000,8,4,6,3,4,8,7,4,4,1,other_conv
54,5_2_6,no_update_first_step,0.000000,0.000000,0.000000,8,8,6,3,8,8,7,8,4,1,S=8
54,8_8_8,current,0.222222,0.000000,0.000000,8,8,6,3,8,8,7,8,4,1,S=8
54,8_8_8,no_update_first_step,0.000000,0.000000,0.000000,8,8,6,3,8,8,7,8,4,1,S=8
55,5_2_6,current,0.888889,0.222222,0.222222,8,0,6,3,0,8,7,1,4,0,no_conv
55,5_2_6,no_update_first_step,0.000000,0.222222,0.240000,8,8,6,3,7,8,7,8,4,0,no_conv
55,8_8_8,current,0.222222,0.000000,0.000000,8,8,6,3,8,8,7,8,4,1,S=8
55,8_8_8,no_update_first_step,0.000000,0.000000,0.000000,8,8,6,3,8,8,7,8,4,1,S=8
56,5_2_6,current,0.888889,0.222222,0.222222,8,0,6,3,0,8,7,1,4,0,no_conv
56,5_2_6,no_update_first_step,0.000000,0.222222,0.266667,8,4,6,3,3,8,7,3,4,0,no_conv
56,8_8_8,current,0.222222,0.000000,0.000000,8,8,6,3,8,8,7,8,4,1,S=8
56,8_8_8,no_update_first_step,0.000000,0.000000,0.000000,8,8,6,3,8,8,7,8,4,1,S=8
57,5_2_6,current,0.888889,0.222222,0.222222,8,0,6,3,0,8,7,1,4,0,no_conv
57,5_2_6,no_update_first_step,0.000000,0.222222,0.222222,8,8,6,3,7,8,7,8,4,0,no_conv
57,8_8_8,current,0.222222,0.000000,0.000000,8,8,6,3,8,8,7,8,4,1,S=8
57,8_8_8,no_update_first_step,0.000000,0.000000,0.000000,8,8,6,3,8,8,7,8,4,1,S=8
58,5_2_6,current,0.888889,0.222222,0.222222,8,0,6,3,0,8,7,1,4,0,no_conv
58,5_2_6,no_update_first_step,0.000000,0.222222,0.240000,8,8,6,3,7,8,7,8,4,0,no_conv
58,8_8_8,current,0.222222,0.000000,0.000000,8,8,6,3,8,8,7,8,4,1,S=8
58,8_8_8,no_update_first_step,0.000000,0.000000,0.000000,8,8,6,3,8,8,7,8,4,1,S=8
59,5_2_6,current,0.888889,0.222222,0.222222,8,0,6,3,0,8,7,1,4,0,no_conv
59,5_2_6,no_update_first_step,0.000000,0.000000,0.151111,8,0,6,3,0,8,7,0,4,1,S=0
59,8_8_8,current,0.222222,0.000000,0.000000,8,8,6,3,8,8,7,8,4,1,S=8
59,8_8_8,no_update_first_step,0.000000,0.000000,0.000000,8,8,6,3,8,8,7,8,4,1,S=8
60,5_2_6,current,0.888889,0.222222,0.222222,8,0,6,3,0,8,7,1,4,0,no_conv
60,5_2_6,no_update_first_step,0.000000,0.222222,0.240000,8,8,6,3,7,8,7,8,4,0,no_conv
60,8_8_8,current,0.222222,0.000000,0.000000,8,8,6,3,8,8,7,8,4,1,S=8
60,8_8_8,no_update_first_step,0.000000,0.000000,0.000000,8,8,6,3,8,8,7,8,4,1,S=8
61,5_2_6,current,0.888889,0.222222,0.222222,8,0,6,3,1,8,7,0,4,0,no_conv
61,5_2_6,no_update_first_step,0.000000,0.222222,0.240000,8,7,6,3,8,8,7,8,4,0,no_conv
61,8_8_8,current,0.222222,0.000000,0.000000,8,8,6,3,8,8,7,8,4,1,S=8
61,8_8_8,no_update_first_step,0.000000,0.000000,0.000000,8,8,6,3,8,8,7,8,4,1,S=8
62,5_2_6,current,0.888889,0.222222,0.222222,8,2,6,3,1,8,7,2,4,0,no_conv
62,5_2_6,no_update_first_step,0.000000,0.000000,0.000000,8,8,6,3,8,8,7,8,4,1,S=8
62,8_8_8,current,0.222222,0.000000,0.000000,8,8,6,3,8,8,7,8,4,1,S=8
62,8_8_8,no_update_first_step,0.000000,0.000000,0.000000,8,8,6,3,8,8,7,8,4,1,S=8
63,5_2_6,current,0.888889,0.000000,0.000000,8,0,6,3,0,8,7,0,4,1,S=0
63,5_2_6,no_update_first_step,0.000000,0.222222,0.240000,8,7,6,3,8,8,7,8,4,0,no_conv
63,8_8_8,current,0.222222,0.000000,0.000000,8,8,6,3,8,8,7,8,4,1,S=8
63,8_8_8,no_update_first_step,0.000000,0.000000,0.000000,8,8,6,3,8,8,7,8,4,1,S=8
64,5_2_6,current,0.888889,0.222222,0.222222,8,1,6,3,0,8,7,0,4,0,no_conv
64,5_2_6,no_update_first_step,0.000000,0.222222,0.240000,8,8,6,3,7,8,7,8,4,0,no_conv
64,8_8_8,current,0.222222,0.000000,0.000000,8,8,6,3,8,8,7,8,4,1,S=8
64,8_8_8,no_update_first_step,0.000000,0.000000,0.000000,8,8,6,3,8,8,7,8,4,1,S=8
65,5_2_6,current,0.888889,0.000000,0.000000,8,4,6,3,4,8,7,4,4,1,other_conv
65,5_2_6,no_update_first_step,0.000000,0.222222,0.311111,8,0,6,3,0,8,7,1,4,0,no_conv
65,8_8_8,current,0.222222,0.000000,0.000000,8,8,6,3,8,8,7,8,4,1,S=8
65,8_8_8,no_update_first_step,0.000000,0.000000,0.000000,8,8,6,3,8,8,7,8,4,1,S=8
66,5_2_6,current,0.888889,0.000000,0.000000,8,0,6,3,0,8,7,0,4,1,S=0
66,5_2_6,no_update_first_step,0.000000,0.222222,0.222222,8,7,6,3,8,8,7,8,4,0,no_conv
66,8_8_8,current,0.222222,0.000000,0.000000,8,8,6,3,8,8,7,8,4,1,S=8
66,8_8_8,no_update_first_step,0.000000,0.000000,0.000000,8,8,6,3,8,8,7,8,4,1,S=8
67,5_2_6,current,0.888889,0.222222,0.222222,8,0,6,3,0,8,7,1,4,0,no_conv
67,5_2_6,no_update_first_step,0.000000,0.222222,0.257778,8,7,6,3,6,8,7,7,4,0,no_conv
67,8_8_8,current,0.222222,0.000000,0.000000,8,8,6,3,8,8,7,8,4,1,S=8
67,8_8_8,no_update_first_step,0.000000,0.000000,0.000000,8,8,6,3,8,8,7,8,4,1,S=8
68,5_2_6,current,0.888889,0.222222,0.222222,8,0,6,3,0,8,7,1,4,0,no_conv
68,5_2_6,no_update_first_step,0.000000,0.222222,0.204444,8,6,6,3,6,8,7,7,4,0,no_conv
68,8_8_8,current,0.222222,0.000000,0.000000,8,8,6,3,8,8,7,8,4,1,S=8
68,8_8_8,no_update_first_step,0.000000,0.000000,0.000000,8,8,6,3,8,8,7,8,4,1,S=8
69,5_2_6,current,0.888889,0.222222,0.222222,8,0,6,3,0,8,7,1,4,0,no_conv
69,5_2_6,no_update_first_step,0.000000,0.222222,0.257778,8,7,6,3,6,8,7,7,4,0,no_conv
69,8_8_8,current,0.222222,0.000000,0.000000,8,8,6,3,8,8,7,8,4,1,S=8
69,8_8_8,no_update_first_step,0.000000,0.000000,0.000000,8,8,6,3,8,8,7,8,4,1,S=8
70,5_2_6,current,0.888889,0.222222,0.222222,8,0,6,3,0,8,7,1,4,0,no_conv
70,5_2_6,no_update_first_step,0.000000,0.222222,0.222222,8,0,6,3,1,8,7,0,4,0,no_conv
70,8_8_8,current,0.222222,0.000000,0.000000,8,8,6,3,8,8,7,8,4,1,S=8
70,8_8_8,no_update_first_step,0.000000,0.000000,0.000000,8,8,6,3,8,8,7,8,4,1,S=8
71,5_2_6,current,0.888889,0.222222,0.222222,8,0,6,3,0,8,7,1,4,0,no_conv
71,5_2_6,no_update_first_step,0.000000,0.000000,0.000000,8,8,6,3,8,8,7,8,4,1,S=8
71,8_8_8,current,0.222222,0.000000,0.000000,8,8,6,3,8,8,7,8,4,1,S=8
71,8_8_8,no_update_first_step,0.000000,0.000000,0.000000,8,8,6,3,8,8,7,8,4,1,S=8
72,5_2_6,current,0.888889,0.222222,0.222222,8,0,6,3,0,8,7,1,4,0,no_conv
72,5_2_6,no_update_first_step,0.000000,0.222222,0.240000,8,8,6,3,7,8,7,8,4,0,no_conv
72,8_8_8,current,0.222222,0.000000,0.000000,8,8,6,3,8,8,7,8,4,1,S=8
72,8_8_8,no_update_first_step,0.000000,0.000000,0.000000,8,8,6,3,8,8,7,8,4,1,S=8
73,5_2_6,current,0.888889,0.222222,0.222222,8,0,6,3,0,8,7,1,4,0,no_conv
73,5_2_6,no_update_first_step,0.000000,0.222222,0.222222,8,8,6,3,7,8,7,8,4,0,no_conv
73,8_8_8,current,0.222222,0.000000,0.000000,8,8,6,3,8,8,7,8,4,1,S=8
73,8_8_8,no_update_first_step,0.000000,0.000000,0.000000,8,8,6,3,8,8,7,8,4,1,S=8
74,5_2_6,current,0.888889,0.000000,0.000000,8,0,6,3,0,8,7,0,4,1,S=0
74,5_2_6,no_update_first_step,0.000000,0.222222,0.222222,8,7,6,3,8,8,7,8,4,0,no_conv
74,8_8_8,current,0.222222,0.000000,0.000000,8,8,6,3,8,8,7,8,4,1,S=8
74,8_8_8,no_update_first_step,0.000000,0.000000,0.000000,8,8,6,3,8,8,7,8,4,1,S=8
75,5_2_6,current,0.888889,0.000000,0.000000,8,4,6,3,4,8,7,4,4,1,other_conv
75,5_2_6,no_update_first_step,0.000000,0.222222,0.311111,8,0,6,3,0,8,7,1,4,0,no_conv
75,8_8_8,current,0.222222,0.000000,0.000000,8,8,6,3,8,8,7,8,4,1,S=8
75,8_8_8,no_update_first_step,0.000000,0.000000,0.000000,8,8,6,3,8,8,7,8,4,1,S=8
76,5_2_6,current,0.888889,0.000000,0.000000,8,0,6,3,0,8,7,0,4,1,S=0
76,5_2_6,no_update_first_step,0.000000,0.000000,0.000000,8,0,6,3,0,8,7,0,4,1,S=0
76,8_8_8,current,0.222222,0.000000,0.000000,8,8,6,3,8,8,7,8,4,1,S=8
76,8_8_8,no_update_first_step,0.000000,0.000000,0.000000,8,8,6,3,8,8,7,8,4,1,S=8
77,5_2_6,current,0.888889,0.000000,0.000000,8,0,6,3,0,8,7,0,4,1,S=0
77,5_2_6,no_update_first_step,0.000000,0.222222,0.240000,8,7,6,3,8,8,7,8,4,0,no_conv
77,8_8_8,current,0.222222,0.000000,0.000000,8,8,6,3,8,8,7,8,4,1,S=8
77,8_8_8,no_update_first_step,0.000000,0.000000,0.000000,8,8,6,3,8,8,7,8,4,1,S=8
78,5_2_6,current,0.888889,0.222222,0.222222,8,0,6,3,0,8,7,1,4,0,no_conv
78,5_2_6,no_update_first_step,0.000000,0.000000,0.000000,8,8,6,3,8,8,7,8,4,1,S=8
78,8_8_8,current,0.222222,0.000000,0.000000,8,8,6,3,8,8,7,8,4,1,S=8
78,8_8_8,no_update_first_step,0.000000,0.000000,0.000000,8,8,6,3,8,8,7,8,4,1,S=8
79,5_2_6,current,0.888889,0.222222,0.222222,8,2,6,3,2,8,7,1,4,0,no_conv
79,5_2_6,no_update_first_step,0.000000,0.222222,0.240000,8,8,6,3,7,8,7,8,4,0,no_conv
79,8_8_8,current,0.222222,0.000000,0.000000,8,8,6,3,8,8,7,8,4,1,S=8
79,8_8_8,no_update_first_step,0.000000,0.000000,0.000000,8,8,6,3,8,8,7,8,4,1,S=8
80,5_2_6,current,0.888889,0.222222,0.222222,8,0,6,3,0,8,7,1,4,0,no_conv
80,5_2_6,no_update_first_step,0.000000,0.222222,0.257778,8,7,6,3,6,8,7,7,4,0,no_conv
80,8_8_8,current,0.222222,0.000000,0.000000,8,8,6,3,8,8,7,8,4,1,S=8
80,8_8_8,no_update_first_step,0.000000,0.000000,0.000000,8,8,6,3,8,8,7,8,5,1,S=8
81,5_2_6,current,0.888889,0.222222,0.222222,8,0,6,3,1,8,7,0,4,0,no_conv
81,5_2_6,no_update_first_step,0.000000,0.222222,0.222222,8,7,6,3,8,8,7,8,4,0,no_conv
81,8_8_8,current,0.222222,0.000000,0.000000,8,8,6,3,8,8,7,8,4,1,S=8
81,8_8_8,no_update_first_step,0.000000,0.000000,0.000000,8,8,6,3,8,8,7,8,4,1,S=8
82,5_2_6,current,0.888889,0.222222,0.222222,8,0,6,3,0,8,7,1,4,0,no_conv
82,5_2_6,no_update_first_step,0.000000,0.222222,0.204444,8,6,6,3,6,8,7,7,4,0,no_conv
82,8_8_8,current,0.222222,0.000000,0.000000,8,8,6,3,8,8,7,8,4,1,S=8
82,8_8_8,no_update_first_step,0.000000,0.000000,0.000000,8,8,6,3,8,8,7,8,4,1,S=8
83,5_2_6,current,0.888889,0.222222,0.222222,8,0,6,3,1,8,7,0,4,0,no_conv
83,5_2_6,no_update_first_step,0.000000,0.222222,0.222222,8,7,6,3,8,8,7,8,4,0,no_conv
83,8_8_8,current,0.222222,0.000000,0.000000,8,8,6,3,8,8,7,8,4,1,S=8
83,8_8_8,no_update_first_step,0.000000,0.000000,0.000000,8,8,6,3,8,8,7,8,4,1,S=8
84,5_2_6,current,0.888889,0.222222,0.222222,8,0,6,3,0,8,7,1,4,0,no_conv
84,5_2_6,no_update_first_step,0.000000,0.000000,0.071111,8,0,6,3,0,8,7,0,4,1,S=0
84,8_8_8,current,0.222222,0.000000,0.000000,8,8,6,3,8,8,7,8,4,1,S=8
84,8_8_8,no_update_first_step,0.000000,0.000000,0.000000,8,8,6,3,8,8,7,8,4,1,S=8
85,5_2_6,current,0.888889,0.222222,0.222222,8,0,6,3,0,8,7,1,4,0,no_conv
85,5_2_6,no_update_first_step,0.000000,0.222222,0.240000,8,8,6,3,7,8,7,8,4,0,no_conv
85,8_8_8,current,0.222222,0.000000,0.000000,8,8,6,3,8,8,7,8,4,1,S=8
85,8_8_8,no_update_first_step,0.000000,0.000000,0.000000,8,8,6,3,8,8,7,8,4,1,S=8
86,5_2_6,current,0.888889,0.222222,0.222222,8,0,6,3,0,8,7,1,4,0,no_conv
86,5_2_6,no_update_first_step,0.000000,0.222222,0.293333,8,3,6,3,4,8,7,3,4,0,no_conv
86,8_8_8,current,0.222222,0.000000,0.000000,8,8,6,3,8,8,7,8,4,1,S=8
86,8_8_8,no_update_first_step,0.000000,0.000000,0.000000,8,8,6,3,8,8,7,8,4,1,S=8
87,5_2_6,current,0.888889,0.222222,0.222222,8,0,6,3,0,8,7,1,4,0,no_conv
87,5_2_6,no_update_first_step,0.000000,0.222222,0.320000,8,0,6,3,1,8,7,1,4,0,no_conv
87,8_8_8,current,0.222222,0.000000,0.000000,8,8,6,3,8,8,7,8,4,1,S=8
87,8_8_8,no_update_first_step,0.000000,0.000000,0.000000,8,8,6,3,8,8,7,8,4,1,S=8
88,5_2_6,current,0.888889,0.222222,0.222222,8,0,6,3,0,8,7,1,4,0,no_conv
88,5_2_6,no_update_first_step,0.000000,0.222222,0.231111,8,2,6,3,3,8,7,2,4,0,no_conv
88,8_8_8,current,0.222222,0.000000,0.000000,8,8,6,3,8,8,7,8,4,1,S=8
88,8_8_8,no_update_first_step,0.000000,0.000000,0.000000,8,8,6,3,8,8,7,8,4,1,S=8
89,5_2_6,current,0.888889,0.222222,0.222222,8,4,6,3,4,8,7,3,4,0,no_conv
89,5_2_6,no_update_first_step,0.000000,0.222222,0.240000,8,8,6,3,7,8,7,8,4,0,no_conv
89,8_8_8,current,0.222222,0.000000,0.000000,8,8,6,3,8,8,7,8,4,1,S=8
89,8_8_8,no_update_first_step,0.000000,0.000000,0.000000,8,8,6,3,8,8,7,8,4,1,S=8
90,5_2_6,current,0.222222,0.222222,0.222222,8,5,6,3,4,8,7,4,4,0,no_conv
90,5_2_6,no_update_first_step,0.000000,0.000000,0.000000,8,8,6,3,8,8,7,8,4,1,S=8
90,8_8_8,current,0.222222,0.000000,0.000000,8,8,6,3,8,8,7,8,4,1,S=8
90,8_8_8,no_update_first_step,0.000000,0.000000,0.000000,8,8,6,3,8,8,7,8,4,1,S=8
91,5_2_6,current,0.888889,0.000000,0.000000,8,0,6,3,0,8,7,0,4,1,S=0
91,5_2_6,no_update_first_step,0.000000,0.222222,0.222222,8,7,6,3,8,8,7,8,4,0,no_conv
91,8_8_8,current,0.222222,0.000000,0.000000,8,8,6,3,8,8,7,8,4,1,S=8
91,8_8_8,no_update_first_step,0.000000,0.000000,0.000000,8,8,6,3,8,8,7,8,4,1,S=8
92,5_2_6,current,0.888889,0.222222,0.222222,8,0,6,3,0,8,7,1,4,0,no_conv
92,5_2_6,no_update_first_step,0.000000,0.222222,0.257778,8,1,6,3,0,8,7,1,4,0,no_conv
92,8_8_8,current,0.222222,0.000000,0.000000,8,8,6,3,8,8,7,8,4,1,S=8
92,8_8_8,no_update_first_step,0.000000,0.000000,0.000000,8,8,6,3,8,8,7,8,4,1,S=8
93,5_2_6,current,0.888889,0.000000,0.000000,8,3,6,3,3,8,7,3,4,1,other_conv
93,5_2_6,no_update_first_step,0.000000,0.222222,0.222222,8,7,6,3,8,8,7,8,4,0,no_conv
93,8_8_8,current,0.222222,0.000000,0.000000,8,8,6,3,8,8,7,8,4,1,S=8
93,8_8_8,no_update_first_step,0.000000,0.000000,0.000000,8,8,6,3,8,8,7,8,4,1,S=8
94,5_2_6,current,0.888889,0.222222,0.222222,8,0,6,3,0,8,7,1,4,0,no_conv
94,5_2_6,no_update_first_step,0.000000,0.222222,0.240000,8,8,6,3,7,8,7,8,4,0,no_conv
94,8_8_8,current,0.222222,0.000000,0.000000,8,8,6,3,8,8,7,8,4,1,S=8
94,8_8_8,no_update_first_step,0.000000,0.000000,0.000000,8,8,6,3,8,8,7,8,4,1,S=8
95,5_2_6,current,0.888889,0.000000,0.000000,8,0,6,3,0,8,7,0,4,1,S=0
95,5_2_6,no_update_first_step,0.000000,0.222222,0.240000,8,8,6,3,7,8,7,8,4,0,no_conv
95,8_8_8,current,0.222222,0.000000,0.000000,8,8,6,3,8,8,7,8,4,1,S=8
95,8_8_8,no_update_first_step,0.000000,0.000000,0.000000,8,8,6,3,8,8,7,8,4,1,S=8
96,5_2_6,current,0.888889,0.000000,0.000000,8,0,6,3,0,8,7,0,4,1,S=0
96,5_2_6,no_update_first_step,0.000000,0.000000,0.115556,8,0,6,3,0,8,7,0,3,1,S=0
96,8_8_8,current,0.222222,0.000000,0.000000,8,8,6,3,8,8,7,8,4,1,S=8
96,8_8_8,no_update_first_step,0.000000,0.000000,0.000000,8,8,6,3,8,8,7,8,5,1,S=8
97,5_2_6,current,0.888889,0.000000,0.000000,8,0,6,3,0,8,7,0,4,1,S=0
97,5_2_6,no_update_first_step,0.000000,0.222222,0.240000,8,8,6,3,7,8,7,8,4,0,no_conv
97,8_8_8,current,0.222222,0.000000,0.000000,8,8,6,3,8,8,7,8,4,1,S=8
97,8_8_8,no_update_first_step,0.000000,0.000000,0.000000,8,8,6,3,8,8,7,8,4,1,S=8
98,5_2_6,current,0.888889,0.222222,0.222222,8,2,6,3,3,8,7,2,4,0,no_conv
98,5_2_6,no_update_first_step,0.000000,0.222222,0.240000,8,8,6,3,7,8,7,8,4,0,no_conv
98,8_8_8,current,0.222222,0.000000,0.000000,8,8,6,3,8,8,7,8,4,1,S=8
98,8_8_8,no_update_first_step,0.000000,0.000000,0.000000,8,8,6,3,8,8,7,8,4,1,S=8
99,5_2_6,current,0.888889,0.222222,0.222222,8,1,6,3,0,8,7,0,4,0,no_conv
99,5_2_6,no_update_first_step,0.000000,0.222222,0.240000,8,8,6,3,7,8,7,8,4,0,no_conv
99,8_8_8,current,0.222222,0.000000,0.000000,8,8,6,3,8,8,7,8,4,1,S=8
99,8_8_8,no_update_first_step,0.000000,0.000000,0.000000,8,8,6,3,8,8,7,8,4,1,S=8
